depth,cal BP,density,accrate,weight,lycadd,lyc,Abies,Pinus,Juniperus,Taxus,Betula,Corylus,Alnus,Carpinus,Salix,Ulmus,Populus,Acer,Fraxinus,Fagus,Tilia,Juglans,Castanea,Dec_Querc,Mar_Querc,Ever_Querc,Pistacia,Rhamnus,Phillyrea,Buxus,Sambucus,Viburnum,Sanguisorba,Tamarix,Thymelaeaceae,Ephedra distachya,Ephedra fragilis,Ericaceae,Hereda helix,Ilex aquifolium,Viscum album,Lonicera,Vitis,Oleaceae,Myrtus,Olea,,Poaceae,Lygeum spartum,Artemisia,Cichorioideae,Asteroideae,Cardueae,Rubiaceae,Centaurea,Chenopodiaceae,Caryophyllaceae,Plantago,Brassicaceae,Gentiana,Saxifragaceae,Fabaceae,Genista,Lotus type,Trifolium type,Rosaceae,Ribes,Potentilla,Boraginaceae,Sedum,Helianthemum,Linum,Corydalis,Lamiaceae,Urticaceae,Rumex,Plumbaginaceae,Berberidaceae,Euphorbiaceae,Primulaceae,Scrophulariaceae,Papaver,Geraniaceae,Campanulaceae,Dipsacaceae,Malvaceae,Violaceae,Convolvulaceae,Asphodelus,Liliaceae,Iridaceae,Erodium,Cytisus,Crassulaceae,Lycium,Ranunculaceae,Cistaceae,Orobanchaceae,Galium,Apiaceae,Valerianaceae,Cerealia,Polygonaceae,Pinguicula,Droseraceae,Cannabis,Cyperaceae,Epilobium,Aristolochia,Ranunculus,Thalictrum,Lythrum,Juncus,Utricularia,Typha,Pedicularis,Sparganium,Lemna,Nymphaea,Myriophyllum,Potamogeton,Isoetes,Asplenium,Polypodium,Monolete ornametnada,Monolete indeterminada,Botrychium,Osmunda,Pteris,Selaginella,Trilete ornamentada,Trilete indeterminada,Chaetomium,Podospora,Sordaria,Sporormiella
0.5,-56.9,1.5,0.46,4.3,24200,26,1,189,8,0,2,2,0,0,0,0,0,0,6,1,0,0,2,8,14,25,0,0,0,1,0,0,0,0,0,0,0,2,0,0,0,0,0,0,0,10,0,12,0,2,0,0,1,0,0,10,0,1,2,0,0,2,8,1,1,1,0,1,0,0,0,0,0,8,5,1,0,1,0,4,3,0,0,1,0,0,0,0,0,2,2,0,0,1,0,2,1,0,0,0,0,2,0,0,0,0,2,0,0,1,1,0,0,0,0,1,0,0,0,3,1,0,0,0,1,0,0,0,0,0,0,0,0,0,0,0
5.5,-50.33,1.7,0.46,3.4,24200,12,1,149,15,0,2,2,0,0,1,1,0,0,2,5,0,1,1,17,13,24,0,0,0,2,1,1,0,0,0,0,0,1,0,0,0,0,0,0,0,18,0,22,0,2,2,2,1,0,0,11,1,2,3,0,0,5,5,0,1,3,0,0,1,0,0,0,0,2,2,1,0,0,0,0,2,0,0,0,0,0,0,0,0,0,0,0,0,0,0,5,0,0,0,1,0,1,0,0,0,0,2,0,0,3,2,0,0,0,1,0,0,0,0,2,1,0,0,0,0,0,0,0,0,0,0,0,0,0,0,0
10.5,-42.11,1.5,0.46,3.2,24200,58,0,206,8,0,3,5,0,0,2,0,0,0,3,3,0,0,4,9,1,5,0,0,0,1,0,0,0,0,0,0,0,1,0,0,0,0,0,0,0,12,0,14,0,3,1,0,0,0,0,13,0,2,2,0,1,4,1,4,1,1,0,0,0,0,0,0,0,3,2,2,0,0,0,3,1,0,0,0,0,0,0,0,0,1,1,0,0,1,0,6,0,0,1,2,0,2,0,0,0,0,2,0,0,5,0,0,2,0,0,1,0,0,0,2,3,0,0,0,0,1,0,0,0,0,0,0,0,1,0,0
15.5,-30.47,1.7,0.46,4,24200,29,0,252,6,0,1,2,0,0,2,0,0,0,1,0,0,0,4,10,4,8,0,0,0,1,0,0,0,0,0,0,3,1,0,0,0,0,0,2,0,15,0,18,0,6,7,2,3,0,0,13,1,0,3,0,1,4,1,2,0,2,0,0,0,0,0,0,0,5,3,1,0,0,0,3,1,0,0,1,0,0,0,0,0,0,0,0,0,0,0,4,0,0,1,0,0,1,0,0,1,0,1,0,0,2,1,0,1,0,0,0,0,0,0,3,1,0,0,0,0,1,0,0,0,1,0,0,0,0,0,0
20.5,-13.25,1.7,0.09,3.2,24200,17,0,141,9,0,2,4,0,0,0,0,0,0,2,4,1,2,2,11,14,15,0,0,0,0,0,0,0,0,0,0,1,1,0,0,0,0,0,0,0,32,0,18,0,5,2,4,0,0,2,6,0,2,1,0,1,4,3,0,0,3,1,0,0,0,0,0,0,6,6,3,0,0,0,2,4,0,0,0,0,0,0,0,0,0,0,0,0,0,0,4,0,0,0,3,0,1,1,0,0,0,5,0,0,3,1,0,0,0,3,1,0,0,0,0,1,0,0,0,0,1,0,0,0,0,0,0,0,0,0,0
25.5,1.33,1.3,0.09,3.1,24200,13,0,144,16,0,2,2,0,0,0,0,0,0,2,4,0,1,1,12,7,13,0,0,0,0,0,0,0,0,0,0,0,2,0,0,0,0,1,0,0,30,0,22,0,3,1,2,1,0,0,8,0,4,1,0,3,1,2,1,2,1,1,0,1,0,0,0,0,4,3,2,0,0,0,1,2,2,0,4,0,0,0,0,0,0,0,0,0,1,0,4,0,0,1,2,0,1,0,0,0,0,3,0,0,4,0,0,0,0,0,0,0,0,0,1,3,0,0,0,0,0,0,0,0,0,0,0,0,0,0,1
30.5,19.03,1.7,0.09,2.9,24200,17,0,165,3,0,1,0,1,0,0,0,0,0,3,3,0,1,1,12,4,14,0,0,0,0,1,0,0,0,0,0,0,1,0,0,0,0,0,1,0,27,0,22,0,4,5,1,0,0,0,7,1,2,0,0,2,1,4,1,0,0,2,0,0,0,0,0,0,3,5,2,0,0,0,0,1,1,0,1,0,0,0,1,0,0,1,0,0,0,0,2,0,0,1,0,0,0,0,0,0,0,6,0,0,1,0,0,1,0,0,0,0,0,0,1,0,0,0,0,0,0,1,0,0,0,0,0,0,0,0,0
39.5,65.1,1.5,0.09,2.6,24200,14,0,92,9,0,1,1,0,0,0,0,1,0,15,2,0,0,0,9,3,6,0,0,0,0,1,0,0,1,0,0,1,1,0,0,0,0,1,4,0,40,0,20,0,16,4,4,1,0,3,14,4,1,2,0,1,14,4,1,2,5,0,0,0,0,5,0,0,7,1,0,0,0,0,4,4,0,0,0,0,0,0,0,0,0,0,0,0,0,0,8,0,0,0,0,0,0,0,0,0,0,2,0,1,1,3,0,0,0,0,1,0,0,0,1,0,0,0,0,1,1,2,0,0,1,0,0,0,0,0,0
40.5,70.85,1.7,0.09,3.1,24200,19,0,74,10,0,1,1,0,0,0,1,1,0,2,2,0,1,4,15,4,11,0,0,0,2,0,0,0,1,0,0,0,0,0,0,0,0,0,0,0,58,0,20,0,9,3,1,0,0,0,20,1,1,1,0,1,9,2,0,3,1,1,0,0,0,0,0,0,4,4,2,0,0,0,4,2,0,0,0,0,0,0,0,0,1,1,0,0,1,0,7,0,0,0,2,0,0,1,0,0,0,5,0,0,5,3,0,0,0,0,1,0,0,0,0,2,0,0,0,0,0,0,0,0,2,0,0,0,0,0,0
45.5,98.14,1.7,0.09,4.2,24200,12,0,176,7,0,3,2,0,0,2,1,0,0,1,3,0,0,2,6,0,2,0,0,0,0,0,0,0,2,0,0,1,3,0,0,0,0,0,0,0,22,0,29,0,2,10,5,2,1,1,10,0,1,0,0,0,1,0,2,1,2,0,0,0,0,3,0,0,5,3,0,0,0,0,4,1,0,0,1,0,0,0,1,0,0,2,0,0,0,0,2,0,0,1,1,0,0,0,0,0,0,3,0,0,4,1,0,0,0,0,0,0,0,0,0,1,0,0,0,0,2,0,0,0,6,0,2,0,2,1,2
54,277.15,1.4,0.09,2.3,24200,33,3,151,2,0,3,1,0,0,0,0,0,0,0,2,0,0,1,2,2,3,0,0,1,1,0,0,0,0,0,0,1,5,0,0,0,0,1,1,0,11,0,21,0,7,15,6,0,0,1,4,1,1,1,0,2,14,7,1,2,1,0,0,0,0,0,0,0,1,1,0,0,1,0,4,0,0,0,0,0,0,0,0,0,0,1,0,0,0,0,3,0,0,1,5,0,0,0,0,0,0,3,0,0,3,1,0,0,0,0,0,0,0,0,2,1,0,0,0,0,2,2,0,0,1,1,1,0,0,0,0
59,426.19,1.4,0.11,1,24200,42,1,86,6,0,2,1,0,0,0,0,1,0,14,2,0,0,0,17,7,10,0,0,0,0,0,0,0,1,0,0,1,5,0,0,0,0,1,6,0,36,0,28,0,11,1,3,0,0,0,9,2,3,3,0,0,18,2,0,2,1,0,0,0,1,1,0,0,10,7,1,0,1,0,4,3,0,0,0,0,0,0,1,0,0,0,0,0,0,0,6,0,0,0,3,0,1,0,0,0,0,3,0,0,4,3,0,1,0,0,0,1,0,0,0,1,0,0,0,0,1,0,0,0,0,0,1,0,0,0,0
69,521.89,1.4,0.14,1.5,24200,52,0,160,6,0,2,0,0,0,0,2,0,0,6,3,0,1,0,8,5,13,0,0,0,0,0,0,0,0,0,0,0,5,0,0,0,0,1,2,0,19,0,20,0,16,3,2,2,0,0,6,2,3,4,0,0,21,4,1,1,5,0,0,0,0,0,0,0,5,4,0,0,0,0,1,5,0,0,0,0,0,0,0,0,0,0,0,0,0,0,3,0,0,0,3,0,1,0,0,0,0,1,0,0,0,1,0,0,0,0,1,0,0,0,1,0,0,0,0,0,1,2,0,0,1,1,0,0,0,0,0
79,595.11,1.4,0.14,2.6,24200,29,0,160,6,0,5,2,0,0,0,3,0,0,0,1,0,0,0,20,11,16,0,0,0,0,0,0,0,0,0,1,0,5,0,0,0,0,0,0,0,8,0,18,0,32,2,4,0,0,0,11,0,1,1,0,1,8,6,1,0,7,0,0,0,0,1,0,0,14,4,0,0,0,0,3,6,0,0,0,0,0,0,0,0,0,0,0,0,1,0,5,0,0,2,0,0,0,0,0,0,0,5,0,0,4,2,0,0,0,0,1,0,0,0,0,0,0,1,0,0,1,2,0,0,0,0,1,0,0,0,0
89,668.32,1.4,0.14,2.7,24200,14,1,134,10,0,9,4,0,0,0,0,0,0,1,10,0,0,0,7,11,13,0,1,0,0,0,0,0,0,0,0,2,11,0,0,0,0,1,3,0,4,0,12,0,39,5,3,0,0,0,15,1,0,1,0,0,12,4,4,1,3,1,0,0,0,1,0,0,6,5,1,0,0,0,1,6,0,0,0,0,0,0,0,0,1,0,0,0,0,0,4,0,0,0,2,0,0,0,0,0,0,7,0,0,0,2,0,0,0,0,0,0,0,0,4,0,0,0,0,0,1,1,0,0,0,0,0,0,0,0,0
99,741.54,1.4,0.14,2.4,24200,15,1,123,15,0,8,3,0,0,1,0,0,0,0,1,0,0,0,23,7,5,1,0,0,0,0,0,0,2,0,0,1,6,0,0,0,0,0,2,0,8,0,29,0,27,0,1,0,0,0,14,2,0,2,0,0,13,3,1,1,2,0,0,0,0,0,0,0,3,2,1,0,0,0,1,9,0,0,0,0,0,0,0,0,0,0,0,0,0,0,4,0,0,0,0,0,2,2,0,0,0,4,0,1,4,4,0,0,0,0,0,0,0,0,2,0,0,0,0,0,1,0,0,0,0,0,0,0,0,0,0
109,814.75,1.3,0.14,2.6,24200,19,0,139,12,0,7,3,0,0,0,1,0,0,0,4,0,1,0,5,2,3,0,0,0,0,0,0,0,2,0,0,2,2,0,0,0,0,1,1,0,0,0,13,0,57,2,1,0,0,0,3,1,5,0,0,0,17,0,4,2,1,1,0,0,2,0,0,0,7,4,1,0,0,0,1,5,0,0,0,0,0,0,0,0,0,0,0,0,0,0,5,0,0,0,0,0,0,0,0,0,0,2,0,0,2,3,0,0,0,0,1,0,0,0,1,0,0,1,0,0,1,0,0,0,0,0,1,0,0,0,0
119,887.96,1.4,0.14,2.9,24200,19,0,152,11,0,8,2,0,0,0,1,0,0,2,4,0,0,0,9,4,5,0,0,0,0,0,0,0,0,0,0,0,8,0,0,0,0,1,2,0,1,0,36,0,34,3,2,0,0,0,11,1,0,0,0,0,25,5,1,2,5,0,0,1,0,0,0,0,5,3,0,0,0,0,2,11,0,0,0,0,0,0,0,0,1,0,0,0,0,0,4,0,0,0,1,1,2,0,0,0,0,7,0,0,4,2,0,0,0,0,1,0,0,0,5,0,0,0,0,0,0,2,0,0,1,0,1,0,0,0,0
129,961.18,1.4,0.14,2.7,24200,22,0,110,11,0,13,1,0,0,0,2,0,0,1,11,0,1,0,11,7,11,1,0,0,0,1,0,0,4,0,0,0,8,0,0,0,0,4,1,0,2,0,35,0,20,1,2,0,0,0,5,4,3,1,0,0,11,6,3,4,3,0,0,0,1,0,0,0,16,4,3,0,0,0,5,4,0,0,0,0,0,0,1,0,3,1,0,0,0,0,6,0,0,0,4,1,4,0,0,0,0,7,0,1,4,2,0,0,0,0,1,0,0,0,7,0,0,0,0,0,1,0,0,0,0,0,1,0,0,0,0
139,1034.39,1.5,0.14,2.1,24200,14,2,164,5,0,16,5,0,0,0,1,0,0,0,0,0,1,0,12,8,4,0,0,0,0,1,0,0,3,0,0,1,3,0,0,0,0,0,1,0,2,0,32,0,35,6,3,0,0,0,8,1,5,1,0,0,16,0,1,1,5,0,0,0,0,1,0,0,8,6,1,0,0,0,3,1,0,0,0,0,0,0,0,0,1,0,0,0,0,0,6,0,0,0,3,0,1,1,0,0,0,4,0,0,4,2,0,1,0,0,0,0,0,0,4,0,0,0,0,0,1,1,0,0,0,0,0,0,0,0,0
149,1107.61,1.6,0.14,3.5,24200,3,1,126,6,0,10,9,0,0,0,1,0,0,1,4,0,1,2,5,4,3,1,0,0,0,1,0,0,2,0,0,0,5,0,0,0,0,1,0,0,1,0,36,0,17,2,6,1,1,1,5,3,6,0,0,1,14,3,4,4,1,0,0,0,1,2,0,0,10,5,0,0,0,0,5,3,0,0,1,0,0,0,0,0,0,1,0,0,0,0,8,0,0,0,1,0,0,0,0,0,0,4,0,0,4,1,0,0,0,0,1,0,0,0,1,3,0,0,0,0,1,2,0,0,0,0,0,0,0,0,0
159,1180.82,1.4,0.14,2.8,24200,30,1,83,7,0,14,3,0,0,1,3,2,0,1,9,0,1,2,17,10,9,0,1,2,3,0,0,0,3,0,0,0,3,0,0,0,0,3,0,0,3,0,40,0,20,0,2,0,0,0,5,1,2,0,0,0,11,3,2,3,3,1,0,0,1,1,0,0,8,3,7,0,1,0,3,4,1,0,0,0,0,0,0,0,0,0,0,0,0,0,6,0,0,1,3,0,4,0,0,0,0,4,0,0,6,3,0,0,0,0,1,0,0,0,6,1,0,0,0,0,2,1,0,0,0,0,0,0,0,0,0
169,1254.04,1.4,0.14,2.4,24200,8,2,132,7,0,4,4,1,0,1,0,0,0,1,8,1,0,1,11,13,8,0,0,0,0,0,0,0,3,0,0,0,6,0,0,0,0,0,3,0,1,0,28,0,34,2,1,1,0,0,5,0,1,0,0,0,14,5,4,2,1,0,0,0,0,2,0,0,15,4,0,0,0,0,6,2,0,0,0,0,0,0,0,0,0,0,0,0,0,0,8,0,0,0,1,1,1,0,0,0,0,7,0,0,5,10,0,0,0,0,0,0,0,0,1,2,0,0,0,0,0,0,0,0,0,0,0,0,0,0,0
180,1384.85,1.4,0.07,1.1,24200,36,1,113,4,0,3,3,1,0,0,0,0,0,0,3,0,0,1,12,5,8,0,1,0,0,0,0,0,6,0,0,0,5,0,0,0,0,1,1,0,0,0,23,0,24,2,3,1,0,0,5,2,1,1,0,4,22,4,0,7,2,1,0,0,0,1,0,0,15,5,1,0,0,0,5,5,0,0,0,0,0,0,0,0,0,0,0,0,0,0,12,0,0,0,3,0,0,0,0,0,0,2,0,0,4,2,0,0,0,0,1,0,0,0,4,0,0,0,0,0,1,0,0,0,0,1,0,0,0,0,0
190,1520.92,1.5,0.07,1.7,24200,4,1,122,4,0,9,6,0,0,0,1,0,0,0,5,0,0,0,9,3,2,1,0,0,0,0,0,0,1,0,0,0,6,0,0,0,0,1,1,0,0,0,20,0,15,4,2,0,0,0,7,3,3,0,0,0,21,1,6,2,5,0,0,0,0,0,0,0,15,5,1,0,0,0,4,9,0,0,0,0,0,0,0,0,0,1,0,0,1,0,7,0,0,1,0,0,1,0,0,0,0,2,0,0,3,2,0,0,0,0,0,0,0,0,8,1,0,0,0,0,0,0,0,0,0,0,0,0,0,0,0
200,1656.99,1.4,0.07,1,24200,11,1,137,5,0,2,7,2,0,0,0,0,0,0,6,2,0,0,21,12,12,0,0,0,0,0,0,0,0,0,0,0,3,0,0,0,0,0,0,1,1,0,13,0,13,2,1,0,0,0,6,1,1,1,0,3,24,9,4,2,4,0,0,0,3,0,0,0,16,3,0,0,0,0,11,8,0,0,0,0,0,0,0,0,0,0,0,0,0,0,10,0,0,0,2,0,0,0,0,0,0,2,0,0,5,3,0,0,0,1,1,0,0,0,7,0,0,1,0,0,0,0,0,0,0,0,0,0,0,0,0
206.5,1745.44,1.5,0.07,1.4,24200,211,1,117,10,0,13,2,2,0,0,2,1,0,2,6,0,0,0,6,3,9,0,0,0,0,0,0,0,0,0,0,0,1,0,0,0,0,1,0,0,1,0,39,0,23,2,1,0,0,0,10,0,1,0,0,0,15,3,1,0,4,0,0,0,0,0,0,0,12,11,0,0,1,0,2,3,0,0,2,0,0,0,0,1,1,0,0,0,1,0,1,0,0,0,2,0,2,0,0,0,0,4,0,0,4,1,0,0,0,0,0,0,0,0,3,1,0,0,0,0,0,0,0,0,0,0,3,0,0,0,0
216.5,1881.5,1.5,0.07,1.3,24200,96,5,138,7,0,6,6,1,0,0,1,1,0,0,17,0,0,1,19,5,5,0,0,0,0,0,0,0,0,0,1,0,3,0,0,0,0,1,1,0,1,0,22,0,10,4,1,0,0,0,3,0,1,0,0,0,33,2,0,1,4,0,0,0,0,0,0,0,16,9,0,0,1,0,1,4,0,0,0,0,0,0,0,2,1,1,0,0,1,0,10,0,0,0,0,0,0,0,0,0,0,3,0,0,4,1,0,0,0,0,0,0,0,0,2,0,0,1,0,0,1,0,0,0,0,0,1,0,0,0,0
226.5,2017.57,1.7,0.07,0.9,24200,201,1,129,11,0,5,5,0,1,0,0,0,1,1,4,0,0,1,6,11,10,0,0,0,0,0,0,0,0,0,0,1,3,0,0,0,0,0,0,0,3,0,24,0,9,6,3,0,0,0,6,0,0,0,0,0,34,3,2,2,5,0,0,0,0,0,0,0,13,4,0,0,0,0,1,1,0,0,0,0,0,0,0,0,0,2,0,0,0,0,3,0,0,1,1,0,0,0,0,0,0,1,0,0,2,1,0,0,0,0,0,0,0,0,1,0,0,0,0,0,1,1,0,0,0,0,0,0,0,0,0
236.5,2176.15,1.6,0.06,1.6,24200,189,3,128,7,0,8,4,1,0,0,0,0,0,2,4,2,0,0,12,13,9,0,0,0,0,0,0,0,0,0,0,0,3,0,0,0,0,2,0,0,3,0,24,0,23,4,3,0,0,0,3,1,1,1,0,0,33,4,0,1,2,0,0,0,0,0,0,0,18,11,0,0,0,0,4,2,0,0,0,0,0,0,0,0,0,0,0,0,0,0,8,0,0,0,4,0,1,0,0,0,0,4,0,0,2,4,0,0,0,0,1,0,0,0,2,0,0,0,0,0,2,0,0,0,0,0,1,0,0,0,0
246.5,2349.74,1.6,0.06,1.6,24200,189,5,130,7,0,8,3,1,1,3,1,0,0,0,1,1,0,0,20,4,5,0,0,0,0,0,0,0,0,1,0,1,1,0,0,0,0,0,0,0,1,0,24,0,16,7,2,0,1,0,7,1,3,2,0,0,24,5,0,0,4,0,0,0,0,2,0,0,6,21,0,0,0,0,1,1,0,0,1,0,0,0,0,0,0,1,0,0,0,0,8,0,0,0,2,0,1,0,0,0,0,4,0,0,5,4,0,1,0,0,0,0,0,0,2,0,0,0,0,0,1,0,0,0,0,0,0,0,0,0,0
256.5,2523.33,1.4,0.06,1.5,24200,118,10,140,12,0,3,9,1,0,1,1,1,0,0,4,1,0,0,19,10,9,0,0,0,0,0,0,0,1,0,0,0,9,0,0,0,0,0,0,0,0,0,28,0,33,1,2,1,0,0,7,0,2,1,0,0,33,4,2,0,5,0,0,1,0,2,0,0,11,8,0,0,0,0,3,4,0,0,0,0,0,0,0,0,2,0,0,0,0,0,9,0,0,0,3,0,0,0,0,0,0,2,0,0,6,4,0,0,0,0,0,0,0,0,2,0,0,1,0,0,1,0,0,0,0,1,0,0,0,0,0
266.5,2696.92,1.5,0.06,2.1,24200,55,10,157,6,0,11,5,0,0,1,0,1,0,0,3,0,0,1,15,8,9,0,0,0,0,0,0,0,1,0,0,0,2,0,0,0,0,0,0,0,0,0,23,0,29,2,4,0,0,0,6,0,3,1,0,0,28,7,1,0,4,0,0,0,1,1,0,0,12,4,0,0,1,0,3,2,0,0,0,0,0,0,0,0,1,0,0,0,0,0,7,0,0,0,2,0,0,0,0,0,0,0,0,0,0,4,1,0,0,0,0,0,0,0,5,0,0,0,0,0,1,0,0,0,0,0,0,0,0,0,0
273.5,2788.41,1.5,0.1,1.9,24200,35,3,116,6,0,9,9,2,0,1,2,1,0,0,4,0,0,0,20,4,10,0,0,0,0,0,0,0,1,1,0,1,2,0,0,0,0,0,0,0,2,0,18,0,9,2,0,0,0,0,7,0,1,0,0,0,33,4,3,0,8,0,0,0,1,1,0,0,12,3,1,0,0,0,1,2,0,0,0,0,0,0,0,0,0,0,0,0,0,0,8,0,0,0,2,0,0,0,0,0,0,4,0,0,5,4,0,0,0,0,1,0,0,0,10,2,0,0,0,0,1,0,0,0,0,0,0,0,0,0,0
283.5,2886.94,1.5,0.1,1.9,24200,73,4,136,12,0,6,8,0,0,0,1,0,0,0,5,0,0,0,13,8,10,0,0,0,0,0,0,0,0,0,0,0,2,0,1,0,0,0,0,0,0,0,23,0,6,2,2,0,0,0,7,0,3,0,0,0,37,5,0,0,5,0,0,0,0,0,0,0,7,3,0,0,0,0,1,0,0,0,0,0,0,0,0,0,0,0,0,0,0,0,8,0,0,0,2,1,0,0,0,0,0,2,0,0,5,2,0,0,0,0,0,0,0,0,9,0,0,0,0,0,0,0,0,0,0,0,0,0,0,0,0
293.5,2985.47,1.4,0.1,2.2,24200,105,17,160,3,0,5,7,0,0,0,0,0,0,0,5,0,0,0,19,7,5,0,0,0,0,0,0,0,0,1,1,2,4,0,1,0,0,0,0,0,1,0,14,0,9,2,1,1,0,1,5,0,4,0,1,0,21,7,1,0,9,0,0,1,0,1,0,0,8,6,1,0,0,1,1,4,0,0,0,0,0,0,0,0,0,0,0,0,0,0,3,0,0,0,2,1,1,0,0,0,0,2,0,0,6,2,0,0,0,0,1,0,0,0,10,0,0,0,0,0,0,1,0,0,0,1,0,0,0,0,0
303.5,3084,1.4,0.1,3.5,24200,92,5,185,6,0,9,7,1,0,0,0,0,0,0,2,0,0,0,20,6,9,0,0,0,1,0,0,0,0,0,0,0,2,0,0,0,0,0,0,0,0,0,22,0,5,5,2,2,0,0,7,0,1,1,0,0,26,6,1,0,9,1,0,0,0,0,0,0,13,4,1,0,0,0,0,2,0,0,1,0,0,0,1,0,0,0,0,0,0,0,4,0,0,0,0,0,0,0,0,0,0,4,0,0,4,1,0,0,0,0,0,0,0,0,6,0,0,0,0,0,1,0,0,0,0,0,0,0,0,0,0
313.5,3182.53,1.6,0.1,2.7,24200,129,9,113,11,0,3,5,1,0,0,0,0,0,0,4,0,0,0,25,6,5,1,0,0,1,0,0,0,0,0,0,0,4,0,0,0,0,0,0,0,1,0,22,0,6,3,1,0,0,0,8,3,3,0,0,0,17,5,0,0,15,0,0,0,1,0,0,0,11,5,0,0,1,0,1,2,0,0,0,0,0,0,0,0,1,0,0,0,0,0,10,0,0,0,1,0,0,0,0,0,0,9,0,0,5,0,0,0,0,0,1,0,0,0,10,0,0,0,0,0,0,0,0,0,0,0,0,0,0,0,0
323.5,3281.06,1.5,0.1,3.5,24200,83,4,89,9,0,7,11,4,0,1,3,0,0,0,5,1,0,0,11,15,18,0,0,0,2,0,0,0,0,0,0,1,5,0,0,0,0,0,0,0,1,0,26,0,2,5,2,0,1,0,5,1,3,1,0,1,30,5,1,0,2,0,0,0,0,0,0,0,6,6,0,0,2,0,2,3,2,0,1,0,0,0,0,0,1,1,0,0,2,0,1,0,0,0,3,0,0,0,0,0,0,2,0,0,1,2,0,0,0,0,1,0,1,0,6,2,0,0,0,0,0,0,0,0,0,0,1,0,0,0,0
333.5,3379.59,1.6,0.1,2.6,24200,135,6,136,7,0,4,9,6,0,2,2,0,0,0,6,0,1,0,10,11,15,0,1,0,0,0,0,0,0,0,1,0,5,1,0,0,0,0,0,0,0,0,17,0,9,5,4,2,0,0,5,4,3,1,0,0,22,2,0,1,3,1,0,0,0,2,0,0,10,8,0,0,2,0,1,3,0,0,4,0,0,0,0,1,0,0,0,0,0,0,2,0,0,0,4,0,0,1,0,0,0,1,0,1,3,3,0,0,0,0,1,0,1,0,6,1,0,0,0,0,1,0,0,0,0,1,1,0,0,0,0
343.5,3474.88,1.5,0.11,3.4,24200,78,6,117,5,0,5,16,5,0,0,1,0,0,0,4,1,1,0,11,15,14,0,0,0,0,0,0,0,0,0,0,0,4,0,1,0,0,0,0,0,0,0,14,0,8,4,2,0,0,0,8,1,1,1,0,0,24,5,4,0,2,0,0,0,0,0,0,0,8,5,0,0,2,0,0,5,0,0,2,0,0,0,0,0,1,0,0,0,0,0,3,0,0,1,3,1,0,0,1,0,0,4,0,0,4,0,0,0,0,0,1,0,0,0,4,0,0,0,0,1,1,1,0,0,1,1,0,0,0,0,0
353.5,3568.02,1.5,0.11,2.2,24200,104,11,110,8,0,11,14,2,0,1,0,3,0,0,5,1,0,0,5,3,7,0,1,0,0,0,0,0,1,0,0,1,7,0,1,0,0,0,1,0,0,0,19,0,3,11,3,1,1,0,7,0,0,2,1,0,26,3,2,2,1,0,0,1,0,0,0,0,9,6,0,0,0,0,2,7,0,0,1,0,0,0,0,1,2,0,0,0,0,0,6,0,0,0,2,0,0,0,0,0,0,2,0,0,3,2,0,0,0,0,0,0,0,0,9,1,0,0,0,0,1,0,0,0,0,0,1,0,0,0,0
363.5,3661.15,1.4,0.11,2.8,24200,89,22,121,6,0,6,9,3,0,2,1,0,0,0,5,1,0,0,8,7,15,0,2,0,0,0,0,0,1,0,1,2,2,0,0,0,0,0,1,0,0,0,21,0,3,5,3,0,0,0,5,1,2,0,0,0,22,3,2,4,2,0,0,0,0,1,1,0,5,5,0,0,0,0,3,7,0,0,0,0,0,0,0,0,0,1,0,0,0,0,2,0,0,0,6,0,0,0,0,0,0,0,0,0,2,2,0,0,0,0,0,0,0,0,7,1,0,0,0,0,2,0,0,0,0,0,1,0,0,0,0
377,3786.89,1.7,0.11,3.7,24200,68,14,119,2,0,7,19,4,0,1,0,1,0,0,1,0,0,0,1,3,3,0,0,0,1,0,0,0,1,0,0,1,4,0,0,1,0,0,0,0,0,0,30,0,1,4,1,0,0,0,8,1,0,3,0,0,28,5,1,3,3,0,0,0,1,1,0,0,6,6,0,0,0,0,0,2,0,0,0,0,0,0,0,0,5,1,1,0,1,0,1,0,0,0,0,0,0,0,0,0,0,2,0,0,2,0,0,0,0,0,0,0,0,0,9,3,0,0,0,0,2,0,0,0,0,0,0,0,0,0,0
382,3833.46,1.4,0.11,2.2,24200,3,2,72,9,0,11,8,0,0,2,2,0,0,0,6,0,0,0,8,11,40,1,0,0,2,0,0,0,2,0,0,1,1,0,0,0,0,0,2,0,2,0,23,0,14,0,0,0,1,0,9,2,3,1,0,1,14,2,1,0,11,0,0,0,0,0,0,0,8,11,1,0,0,0,3,5,0,0,0,0,0,0,1,0,0,0,0,0,0,0,1,0,0,1,0,0,1,0,0,0,0,3,0,0,0,0,0,0,0,0,1,0,0,0,4,0,0,0,0,0,1,0,0,0,0,0,0,0,0,0,0
392,3926.59,1.5,0.11,2.7,24200,12,3,87,2,0,11,14,1,0,0,0,0,0,0,1,1,0,0,12,12,25,0,0,0,0,0,2,0,1,0,0,0,4,0,0,0,0,0,0,0,0,0,30,0,8,3,0,0,0,0,3,0,1,1,0,0,30,3,3,1,2,0,0,0,1,0,0,0,12,7,2,0,0,0,6,10,0,0,1,1,0,0,0,0,2,1,0,0,0,0,2,0,0,1,0,0,0,0,0,0,0,2,0,0,3,2,0,0,0,0,0,0,0,0,5,3,0,0,0,0,1,0,0,0,0,1,0,0,0,0,0
402,4019.73,1.4,0.11,3,24200,2,3,97,5,0,19,8,1,0,1,1,0,0,1,2,2,0,0,10,10,5,0,0,0,0,0,0,0,1,1,0,0,2,1,0,0,0,0,1,0,0,0,17,0,7,1,5,1,1,0,5,3,0,2,0,1,36,2,3,1,4,0,0,0,1,1,0,0,9,6,1,0,0,0,3,6,0,0,0,0,0,0,0,0,2,0,0,0,0,0,7,0,0,0,2,0,0,0,0,0,0,3,0,1,2,1,0,0,0,0,0,0,0,0,7,2,0,0,0,0,1,0,0,0,0,0,0,0,0,0,0
408,4075.61,1.5,0.11,4.2,24200,1,3,65,6,0,24,12,0,0,0,3,0,0,1,4,1,0,0,14,15,19,0,0,0,0,0,1,0,0,0,0,0,0,0,0,0,0,0,0,0,0,0,35,0,10,0,1,0,0,0,11,1,2,0,0,0,30,6,6,2,2,0,0,0,0,0,0,0,0,6,3,0,0,0,3,18,0,0,0,0,0,0,0,0,1,0,0,0,0,0,1,0,0,2,2,0,0,0,0,0,0,2,0,0,1,1,0,1,0,1,2,0,0,0,6,1,0,0,0,0,2,0,0,0,0,0,2,0,0,0,0
418,4168.75,1.5,0.11,3.6,24200,1,6,68,8,0,23,3,0,0,0,0,0,0,0,3,1,0,0,9,12,19,0,1,0,0,0,0,0,1,0,0,0,3,0,0,0,0,0,1,0,0,0,12,0,8,1,0,0,1,0,4,1,1,3,0,0,27,7,7,4,9,0,0,0,1,1,0,0,8,3,0,0,1,1,3,12,0,0,0,0,0,0,0,0,2,1,0,0,0,0,10,0,0,0,3,0,0,0,0,0,0,1,0,0,2,1,0,0,0,0,0,1,0,0,3,1,0,0,0,0,1,0,0,0,0,0,0,0,0,0,0
428,4336.2,1.5,0.05,3.5,24200,1,4,74,4,0,34,4,1,0,0,1,0,0,1,6,1,0,0,12,21,30,0,0,0,1,0,0,0,3,0,0,0,1,0,0,0,0,0,0,0,0,0,9,0,8,0,1,0,0,1,4,1,0,2,0,1,44,6,4,0,2,0,0,0,1,1,0,0,10,1,3,0,0,0,4,6,0,0,0,0,0,0,0,0,0,0,0,0,0,0,12,0,0,0,3,1,0,0,0,0,0,2,0,0,3,1,0,0,0,0,0,0,0,0,5,1,0,0,0,0,1,0,0,0,0,0,0,0,0,0,0
438,4553.2,1.4,0.05,1.8,24200,2,5,98,8,0,24,4,0,0,0,0,0,0,0,3,0,0,0,14,0,9,0,0,0,0,0,0,0,0,0,0,1,3,0,0,0,0,0,0,0,0,0,20,0,8,0,2,0,0,0,3,2,1,1,0,2,23,24,2,1,3,1,0,0,0,0,0,0,7,2,1,0,1,0,3,16,0,0,0,0,0,0,0,0,0,0,0,0,0,0,10,0,1,0,3,0,0,0,0,0,0,0,0,0,2,0,0,0,0,0,0,0,0,0,3,0,1,0,0,1,2,0,0,0,0,0,0,0,0,0,0
443,4661.7,1.5,0.05,3.7,24200,10,6,119,5,0,21,5,0,0,1,2,0,0,0,1,1,0,0,2,11,20,0,0,0,0,0,1,0,1,0,0,0,2,0,1,0,0,0,0,0,0,0,25,0,10,2,2,0,1,0,3,0,0,2,0,1,21,2,2,1,3,0,0,1,0,1,0,0,5,2,3,0,0,1,1,9,0,0,3,0,0,0,0,0,2,0,0,0,2,0,2,0,0,1,3,0,0,0,0,0,0,1,0,0,0,1,0,0,0,0,2,0,0,0,7,1,0,1,0,0,3,0,0,0,0,1,1,0,0,0,0
448,4770.2,1.5,0.05,2.7,24200,2,9,148,6,0,20,9,0,1,0,0,0,0,1,2,2,0,0,7,18,16,0,0,0,0,0,0,0,0,0,0,2,1,1,0,0,0,0,0,0,0,0,24,0,12,0,2,0,2,0,5,2,0,1,0,0,19,2,1,3,2,0,0,1,0,0,0,0,10,4,1,0,0,0,0,6,0,0,0,0,0,0,0,0,1,1,0,0,0,0,1,0,0,0,2,0,0,0,0,0,0,1,0,0,3,0,0,0,0,0,2,0,0,0,3,1,0,2,0,0,1,0,0,0,0,0,0,0,0,0,0
458,4987.2,1.5,0.05,2.5,24200,3,6,103,2,0,24,9,1,0,1,1,0,0,0,2,2,0,0,10,29,22,0,0,0,1,1,0,0,1,0,0,0,2,0,0,0,0,0,0,0,0,0,12,0,7,0,0,0,1,0,1,1,0,1,0,0,37,1,2,2,4,0,0,0,4,2,0,0,6,3,0,0,1,0,3,6,0,0,0,0,0,0,0,0,0,0,0,0,0,0,6,0,0,0,0,0,0,0,0,0,0,1,0,0,2,1,0,0,0,0,1,0,0,0,4,0,0,0,0,0,0,0,0,0,0,0,0,0,0,0,0
468,5204.2,1.5,0.05,4.2,24200,1,6,175,2,0,13,9,4,0,0,0,0,0,0,0,0,0,0,1,6,3,0,0,0,0,0,0,0,0,0,0,0,3,0,0,0,0,0,0,0,0,0,17,0,2,2,2,0,0,0,8,2,0,1,0,0,22,3,4,5,0,0,0,0,1,0,0,0,8,2,0,0,0,0,0,1,0,0,0,0,0,0,0,0,1,0,0,0,0,0,3,0,0,0,1,0,0,0,0,0,0,1,0,0,0,1,0,0,0,0,0,0,0,0,10,0,0,1,1,0,4,0,0,0,0,0,1,0,0,0,0
478,5421.2,1.5,0.05,2.6,24200,4,7,104,3,0,19,4,1,0,0,0,2,0,1,1,4,0,0,12,30,30,0,1,0,0,0,0,0,1,0,0,1,7,0,0,0,0,0,0,0,0,0,18,0,1,0,3,0,0,0,4,1,0,1,0,0,22,2,5,4,6,1,0,0,0,0,0,0,7,4,2,0,0,0,6,5,0,0,0,0,0,0,0,0,2,0,0,0,2,0,5,0,0,0,2,0,0,0,0,0,0,3,0,0,1,0,0,0,0,0,0,0,0,0,5,0,0,1,0,0,1,0,0,0,0,0,1,0,0,0,0
488,5638.2,1.5,0.05,3.4,24200,1,3,98,2,0,25,5,0,0,0,0,0,0,1,2,3,0,0,9,25,28,0,0,0,0,1,0,0,0,0,0,0,1,0,0,0,0,0,1,0,0,0,9,0,4,0,1,0,0,0,2,1,0,1,0,0,20,4,2,1,5,0,0,0,0,1,0,0,1,2,0,0,0,0,4,11,0,0,0,0,0,0,0,0,0,0,0,0,0,0,3,0,0,0,2,0,0,0,0,0,0,3,0,0,2,0,0,0,0,0,0,0,0,0,5,1,0,1,0,0,1,0,0,0,0,0,0,0,0,0,0
498,5855.2,1.5,0.05,4.3,24200,1,2,73,3,0,65,8,1,0,0,0,0,0,0,1,2,0,0,20,20,20,0,1,0,1,0,0,0,1,0,0,1,1,0,0,0,0,0,0,0,0,0,10,0,5,0,1,0,0,0,5,1,0,4,1,2,21,9,0,3,2,0,0,0,1,0,0,0,5,3,0,0,0,0,5,7,0,0,0,0,0,0,0,0,1,0,0,0,0,0,6,0,0,0,2,0,0,0,0,0,0,1,0,0,3,0,0,0,0,0,1,0,0,0,2,0,0,0,0,0,1,0,0,0,0,0,0,0,0,0,0
508,6012.91,1.6,0.08,3.5,24200,1,0,57,3,0,91,14,0,0,1,2,0,0,4,0,7,1,0,12,30,15,0,1,0,1,1,0,0,1,0,0,0,2,0,1,0,0,0,1,0,0,0,13,0,6,0,1,0,0,0,9,2,0,4,0,2,17,6,2,0,4,0,0,0,2,0,0,0,3,2,0,0,0,0,4,4,1,0,0,0,0,0,0,0,1,1,1,0,0,0,3,0,0,0,5,0,0,0,0,0,0,1,0,0,2,1,0,0,0,0,2,0,0,0,5,0,0,0,0,0,1,1,0,0,0,0,0,0,0,0,0
518,6131.09,1.6,0.08,3.4,24200,2,1,72,6,0,45,10,1,0,3,2,0,0,0,0,9,0,0,34,27,20,1,0,0,0,1,1,0,0,0,0,0,1,0,1,0,0,0,0,0,0,0,24,0,5,0,0,0,0,0,5,1,1,5,0,0,27,6,4,3,1,1,0,0,2,0,0,0,9,3,0,0,0,0,1,7,0,0,1,0,0,0,0,0,1,0,0,0,2,0,2,0,0,1,2,0,0,0,0,0,0,2,0,0,4,1,0,0,0,0,1,0,0,0,9,1,0,0,0,0,0,0,0,0,0,0,0,0,0,0,0
523.5,6196.09,1.6,0.08,3.2,24200,1,0,58,1,0,48,13,1,0,3,1,1,0,1,0,4,0,0,34,40,18,0,0,0,0,1,1,0,1,0,0,0,1,0,0,0,0,0,2,0,0,0,20,0,11,0,0,0,1,0,6,2,1,3,1,2,19,4,6,0,2,1,0,0,1,3,0,0,12,6,2,0,0,0,0,6,0,0,0,0,0,0,1,0,0,0,0,0,3,0,2,0,0,0,2,0,0,0,0,0,0,1,0,0,3,1,0,0,0,0,0,0,0,0,6,1,0,0,1,0,0,0,0,0,0,0,0,0,0,0,0
533.5,6314.27,1.6,0.08,3.2,24200,1,0,118,1,0,51,6,1,0,0,1,0,0,1,0,1,0,0,26,20,18,1,0,0,1,0,1,0,2,0,1,0,1,0,0,0,0,0,0,0,0,0,14,0,12,0,0,1,0,0,3,1,4,1,0,1,14,4,2,0,1,0,0,0,1,0,0,0,8,4,1,0,0,0,2,5,0,0,1,0,0,0,0,0,0,0,0,0,1,0,6,0,0,0,0,0,0,0,0,0,0,1,0,0,1,1,0,0,0,0,0,0,0,0,4,1,0,0,0,0,0,0,0,0,0,0,0,0,0,0,0
546.5,6467.91,1.7,0.08,2,24200,1,0,108,1,0,61,16,2,0,1,0,0,0,1,0,3,0,0,36,10,8,0,0,0,1,0,1,0,2,0,0,0,1,1,0,0,0,0,0,0,0,0,17,0,14,0,1,0,1,0,2,1,1,1,1,1,19,6,1,0,3,0,0,0,3,1,0,0,9,1,1,0,0,0,4,5,0,0,1,0,0,0,0,0,1,0,0,0,4,0,4,0,0,0,2,0,0,0,0,0,0,1,0,0,1,1,0,0,0,0,1,0,0,0,8,0,0,0,0,0,1,0,0,0,0,0,0,0,0,0,0
556.5,6586.09,1.8,0.08,3.2,24200,1,0,69,3,0,64,16,2,0,6,2,2,1,2,0,2,0,0,40,25,10,0,0,0,1,2,0,0,0,0,0,0,0,1,1,0,0,0,0,0,0,0,23,0,8,0,1,0,2,0,1,1,1,4,1,0,17,3,0,1,5,1,0,2,2,1,0,0,8,5,1,0,0,0,1,7,0,0,0,0,0,0,0,0,1,0,0,0,0,0,2,0,0,0,4,0,0,0,0,0,0,1,0,0,3,1,0,1,0,0,0,0,0,0,9,2,0,0,0,0,0,0,0,0,0,0,0,0,0,0,0
566.5,6681.7,1.8,0.16,3.3,24200,1,0,76,1,0,54,17,0,0,1,1,0,0,2,0,7,0,0,40,18,12,0,0,0,0,0,1,0,1,0,0,0,1,0,0,0,0,0,0,0,0,0,17,0,5,0,0,1,1,0,1,2,1,4,2,3,7,5,1,0,11,1,0,0,2,0,0,0,13,0,1,0,0,0,7,5,0,0,0,0,0,0,0,0,3,0,0,0,3,0,4,0,0,0,6,0,0,0,0,0,0,1,0,0,2,0,0,0,0,0,1,0,0,0,11,1,0,0,0,0,1,0,0,0,0,0,0,0,0,0,0
576.5,6743.43,1.9,0.16,4,24200,17,0,82,5,0,40,16,0,0,2,3,1,0,0,0,6,0,0,31,22,10,0,0,0,0,0,0,0,2,0,0,1,1,0,0,0,0,0,0,0,0,0,27,0,2,2,2,0,0,0,4,0,1,4,0,0,17,2,1,2,3,0,0,0,3,0,0,0,11,4,1,0,0,0,5,10,1,0,0,0,0,0,0,0,1,1,0,0,3,0,5,0,0,0,4,0,0,0,0,0,0,2,0,0,0,1,0,0,0,0,2,0,0,0,13,1,0,0,0,0,0,0,0,0,0,0,0,0,0,0,0
586.5,6805.17,1.8,0.16,4.1,24200,1,0,83,1,0,45,16,2,0,2,3,0,0,3,0,6,0,0,30,15,12,0,0,0,2,1,1,0,1,0,0,0,0,0,0,0,0,0,0,0,0,0,12,0,9,1,0,1,1,0,2,5,0,4,1,1,15,3,0,2,7,0,0,0,2,3,0,0,10,3,2,0,1,0,4,5,0,0,0,0,0,0,0,0,0,0,0,0,2,0,3,0,0,0,3,0,0,0,0,0,0,2,0,0,4,0,0,0,0,1,1,0,0,0,9,0,0,1,0,0,1,0,0,0,0,0,0,0,0,0,0
596.5,6866.91,2.1,0.16,4.7,24200,1,0,76,4,0,58,23,0,0,2,1,0,1,1,0,7,0,0,28,15,8,0,0,0,0,0,1,0,1,0,2,0,1,0,0,0,0,0,0,0,0,0,17,0,11,4,2,1,1,0,2,3,0,2,1,1,21,3,0,3,4,0,0,1,0,0,0,0,10,4,2,0,0,0,2,7,0,0,0,0,0,0,0,0,0,0,0,0,3,0,1,0,0,0,4,0,0,0,0,0,0,4,0,0,1,1,0,0,0,0,0,0,0,0,6,2,0,0,0,0,2,0,0,0,0,1,0,0,0,0,0
606.5,6928.65,1.9,0.16,4.9,24200,1,0,85,7,0,43,19,1,0,5,2,1,1,1,0,3,0,0,40,4,8,1,0,0,0,3,2,0,0,0,2,0,1,1,0,0,0,0,0,0,0,0,11,0,7,0,1,0,0,0,1,1,1,4,0,0,21,3,2,0,6,1,2,1,1,2,0,0,10,1,0,0,0,0,3,12,0,0,0,0,0,0,0,0,1,0,0,0,1,0,4,0,0,0,1,0,0,0,0,0,0,1,0,0,1,1,0,0,0,0,0,0,0,0,5,2,0,0,0,0,0,0,0,0,0,0,0,0,0,0,0
616.5,6990.39,2,0.16,5.9,24200,1,0,91,2,1,51,17,0,0,5,2,0,0,1,0,5,0,0,28,17,8,1,0,0,0,0,0,0,1,0,0,1,1,0,0,0,0,0,0,0,0,0,11,0,7,1,1,0,1,0,2,1,0,3,1,2,16,3,0,1,5,0,0,0,2,1,0,0,9,4,0,0,2,0,4,6,0,0,0,0,0,0,0,0,2,1,0,0,4,0,3,1,1,0,8,1,0,0,0,0,0,1,0,0,4,1,0,0,0,0,0,0,0,0,9,1,0,0,0,0,1,0,0,0,0,0,1,0,0,0,0
626.5,7052.13,2,0.16,3.3,24200,28,0,127,5,0,41,21,1,0,2,0,0,0,1,0,5,0,0,20,21,8,0,0,0,0,0,0,0,1,0,0,0,0,0,0,0,0,0,0,0,0,0,11,0,3,1,2,2,1,0,3,0,0,0,0,0,15,1,1,1,6,1,0,0,3,3,0,0,6,0,0,0,0,0,0,2,0,0,0,0,0,0,1,0,8,1,0,0,3,0,0,0,0,0,6,0,0,0,0,0,0,0,0,0,1,0,0,0,0,0,0,0,0,0,6,0,0,0,0,0,0,0,0,0,0,0,0,0,0,0,0
636.5,7113.87,2,0.16,4.7,24200,13,0,78,3,0,52,19,2,0,0,1,3,0,0,0,6,0,0,24,3,3,0,0,0,0,0,0,0,2,0,0,0,0,0,0,0,0,0,1,0,0,0,13,0,7,6,0,1,2,0,2,2,0,4,0,1,14,3,1,3,5,1,0,0,1,3,0,0,13,1,0,0,1,0,1,0,0,0,0,0,0,0,1,0,2,1,0,0,1,0,5,1,0,0,7,1,0,0,0,0,0,4,0,0,2,0,0,0,0,0,1,0,0,0,5,0,0,0,0,0,1,0,0,0,0,0,0,0,0,0,0
646.5,7175.61,1.8,0.16,3.5,24200,4,1,85,1,0,53,15,0,0,1,0,1,0,2,0,4,0,0,28,24,10,1,0,0,0,0,1,0,2,0,1,0,1,0,0,0,0,0,0,0,0,0,12,0,4,0,0,0,0,0,2,1,0,2,0,1,31,1,0,0,4,1,0,0,1,0,0,0,20,1,0,0,0,0,2,3,1,0,0,0,0,0,0,0,1,0,0,0,2,0,3,0,0,0,3,0,0,0,0,0,0,1,0,0,2,0,0,0,0,0,0,1,0,0,4,2,0,0,0,0,1,0,0,0,0,0,1,0,0,0,0
656.5,7237.35,1.9,0.16,4.4,24200,16,0,114,3,0,41,23,2,0,2,0,0,0,2,0,2,0,0,30,12,6,0,0,0,0,0,0,0,1,0,0,1,0,0,0,0,0,0,0,0,0,0,5,0,6,0,2,1,0,0,1,2,0,1,0,1,18,0,0,1,7,0,0,0,1,0,0,0,11,9,0,0,1,0,1,2,0,0,0,0,0,0,0,0,1,0,0,0,0,0,3,0,0,0,2,0,0,0,0,0,0,1,0,0,1,0,0,0,0,0,0,0,0,0,6,1,0,0,0,0,0,0,0,0,0,0,4,0,0,0,0
666.5,7299.09,1.9,0.16,5,24200,1,0,72,1,0,59,11,1,0,3,2,1,0,0,0,10,0,0,28,40,18,1,0,0,0,0,1,0,0,0,0,0,0,1,0,0,0,0,0,0,0,0,10,0,8,0,2,0,0,0,2,3,0,5,1,3,15,0,1,3,10,0,0,0,3,0,0,0,8,1,0,0,0,0,2,5,0,0,0,0,0,0,0,0,0,0,0,0,2,0,6,1,0,0,4,0,0,0,0,0,0,2,0,0,0,1,0,0,0,0,1,0,0,0,11,0,0,0,0,0,0,0,0,0,0,0,0,0,0,0,0
676.5,7360.83,1.9,0.16,4,24200,96,0,116,3,0,27,28,0,0,5,2,4,0,0,0,4,0,0,18,21,12,0,1,0,0,0,0,0,0,0,1,0,0,1,0,0,0,0,0,0,0,0,8,0,2,2,0,0,1,0,1,0,0,0,0,0,9,8,0,0,2,0,0,0,0,0,0,0,3,4,0,0,0,0,0,4,0,0,0,0,0,0,0,0,1,0,0,0,0,0,0,0,0,0,2,0,0,0,0,0,0,2,0,0,6,2,0,2,0,0,0,0,0,0,5,0,0,0,0,0,0,0,0,0,0,0,3,0,0,0,0
686.5,7425.06,2.1,0.16,4,24200,14,0,108,7,0,42,21,0,0,2,1,1,0,0,0,4,0,0,35,31,9,0,0,0,0,0,0,0,0,0,0,0,0,1,0,0,0,0,0,0,0,0,18,0,5,2,2,0,1,0,0,5,0,2,0,2,12,0,1,0,4,0,0,0,0,0,0,0,6,4,0,0,0,0,4,2,0,0,0,0,0,0,0,0,3,1,0,0,2,0,2,2,0,0,3,0,0,0,0,0,0,2,0,0,0,0,0,0,0,0,1,0,0,0,9,1,0,0,0,0,1,1,0,0,0,0,0,0,0,0,0
700,7512.15,1.9,0.16,3.8,24200,56,0,110,3,0,49,21,0,0,0,0,1,0,0,0,3,0,0,20,24,12,0,0,0,0,1,0,0,1,0,0,1,0,1,0,0,0,0,0,0,0,0,11,0,4,1,4,0,0,0,2,1,0,2,0,0,15,0,0,0,10,0,0,0,0,1,0,0,4,3,0,0,0,1,3,4,0,0,0,0,0,0,0,0,2,1,0,0,4,0,4,1,0,0,2,0,0,0,0,0,0,4,0,0,1,0,0,0,0,0,0,0,0,0,7,2,0,0,0,0,0,1,0,0,0,0,0,0,0,0,0
710,7576.66,1.9,0.16,4.1,24200,10,0,125,1,0,40,14,1,0,2,1,0,0,1,0,1,0,0,18,18,14,0,0,0,0,0,0,0,0,0,0,0,0,0,0,0,0,0,2,0,0,0,24,0,3,2,2,0,0,1,2,5,0,5,0,1,19,2,1,5,6,1,0,0,1,6,0,0,4,1,0,0,4,0,2,5,0,0,1,0,0,0,3,0,1,0,0,0,2,0,2,0,0,0,6,1,0,0,0,0,0,1,0,0,0,0,0,0,0,0,0,0,0,0,4,1,0,1,0,0,0,0,0,0,0,0,0,0,0,0,0
720,7641.17,1.8,0.16,4.7,24200,1,0,105,1,0,39,15,0,0,0,1,1,0,1,0,5,0,0,22,25,4,0,0,0,0,0,0,0,0,0,0,0,0,0,0,0,0,0,0,0,0,0,16,0,7,1,2,0,1,1,1,2,1,1,0,1,22,3,0,1,4,1,1,0,0,6,0,0,14,2,0,0,0,0,1,2,1,0,0,0,0,0,1,0,2,0,0,0,3,0,7,4,0,0,6,0,0,0,0,0,0,5,0,0,3,0,0,0,0,0,0,0,0,0,4,1,0,0,0,1,0,0,0,0,0,0,0,0,0,0,0
730,7705.68,1.7,0.16,3.1,24200,1,0,71,1,0,58,14,0,0,3,4,0,0,1,0,2,0,0,16,28,18,1,0,0,0,0,0,0,1,0,0,0,0,0,0,0,0,0,1,0,0,0,16,0,11,0,1,0,2,2,3,4,0,6,0,1,29,1,2,4,1,1,0,0,1,2,0,0,6,2,1,0,1,0,4,1,1,0,0,0,0,0,1,0,1,1,0,0,4,0,7,0,0,0,4,0,0,0,0,0,0,1,0,0,1,1,0,0,0,0,0,0,0,0,5,1,0,0,0,0,0,0,0,0,2,0,1,0,0,0,0
740,7770.19,1.8,0.16,3.5,24200,2,0,85,2,0,45,22,0,0,5,1,0,0,0,0,1,0,0,31,20,18,1,0,0,0,0,0,0,0,0,0,0,0,0,0,0,0,0,1,0,0,0,29,0,2,1,1,0,5,0,3,1,1,5,1,0,22,0,2,1,9,0,1,2,1,6,0,0,9,5,2,0,0,0,1,2,0,0,0,0,0,0,0,0,3,0,0,0,1,0,4,1,0,0,11,0,0,0,0,0,0,2,0,0,2,0,1,0,0,0,0,0,0,0,11,0,0,0,1,0,0,0,0,0,0,0,0,0,0,0,0
750,7834.7,1.8,0.16,4.4,24200,1,0,61,3,0,57,19,0,0,1,1,0,0,0,0,2,0,0,20,20,22,1,0,0,0,0,0,0,2,0,0,0,0,0,0,0,0,0,1,0,0,0,12,0,3,0,2,0,0,0,3,7,0,2,1,3,18,6,5,6,12,0,0,0,1,5,0,0,15,4,1,0,1,0,5,3,2,0,1,0,0,0,0,0,0,0,0,0,5,0,12,0,0,0,14,0,0,0,0,0,0,0,0,0,2,1,0,0,0,0,0,0,0,0,4,1,0,0,0,0,0,0,0,0,0,0,0,0,0,0,0
760,7899.21,1.8,0.16,3.9,24200,1,0,109,2,0,51,14,0,0,3,1,0,0,1,0,1,0,0,16,13,11,0,0,0,1,0,0,0,3,0,0,0,0,0,0,0,0,0,1,0,0,0,13,0,6,1,2,0,0,0,4,0,1,4,1,0,13,7,1,6,5,0,1,0,0,1,0,0,6,3,1,0,1,0,0,2,0,0,0,0,0,0,0,0,1,0,0,0,3,0,13,0,0,0,8,0,0,0,0,0,0,1,0,0,3,0,0,0,0,0,1,0,1,0,2,1,0,0,1,0,0,0,0,0,1,0,0,0,0,0,0
770,7963.72,1.8,0.16,3.7,24200,1,0,82,4,0,64,23,0,0,1,2,0,0,0,0,1,0,0,12,34,12,1,0,0,0,0,0,0,0,0,1,0,0,0,0,0,0,0,0,0,0,0,18,0,6,0,0,0,0,0,6,3,0,4,0,3,10,7,1,2,2,0,0,0,2,2,0,0,11,5,0,0,0,0,3,3,1,0,0,0,0,0,1,0,1,1,0,0,5,0,4,0,1,0,1,0,0,0,0,0,0,2,0,0,4,1,0,0,0,0,1,0,0,0,5,0,0,1,0,0,0,0,0,0,0,0,0,0,0,0,0
775,7995.98,1.8,0.16,4.2,24200,46,0,72,5,0,49,41,0,0,7,0,0,0,0,0,0,0,0,6,13,2,0,0,0,0,0,0,0,0,0,0,1,0,0,0,0,0,0,0,0,0,0,23,0,5,1,1,1,1,0,2,3,0,1,0,0,10,1,6,2,4,0,0,0,1,0,0,0,9,7,0,0,0,0,5,7,0,0,0,0,0,0,0,0,0,0,0,0,2,0,4,0,0,0,6,0,0,0,0,0,0,4,0,0,0,2,0,0,0,0,0,0,0,0,4,0,0,0,0,0,2,0,0,0,0,0,0,0,0,0,0
780,8028.23,1.8,0.16,3.4,24200,59,0,97,5,0,48,23,0,0,1,2,0,0,0,0,1,0,0,14,9,7,0,0,0,0,0,0,0,0,0,1,1,1,0,0,0,0,0,1,0,0,0,10,0,1,5,3,0,0,0,2,4,0,4,0,1,10,3,2,5,3,0,0,0,1,1,0,0,10,8,0,0,0,0,3,5,0,0,0,0,0,0,0,0,4,1,1,0,1,0,6,1,0,0,6,0,0,0,0,0,0,1,0,0,2,0,0,0,0,0,0,0,0,0,11,2,0,0,0,0,0,1,0,0,1,0,0,0,0,0,0
785,8060.49,1.8,0.16,3.1,24200,55,0,78,6,0,45,24,0,0,1,3,1,0,1,0,0,0,0,13,9,5,0,0,0,0,0,0,0,1,1,0,0,1,0,0,0,0,0,1,0,0,0,32,0,4,3,3,1,0,0,1,4,0,2,0,2,5,1,3,6,7,0,0,0,1,2,0,0,4,8,0,0,0,0,0,3,0,0,0,0,0,0,0,1,2,0,0,0,2,0,6,0,0,0,9,1,0,0,0,0,0,3,0,0,1,1,0,0,0,0,0,0,0,0,9,1,0,1,0,0,0,0,0,0,1,0,0,0,0,0,0
790,8092.74,1.9,0.16,4.8,24200,61,0,73,11,1,37,16,0,0,2,2,2,0,0,0,0,0,0,36,0,7,0,3,0,0,0,0,0,0,0,0,0,0,1,0,0,0,0,0,1,0,0,20,0,2,0,0,0,0,0,5,0,0,1,0,0,18,17,0,0,2,0,0,0,0,0,0,0,5,9,2,0,0,0,0,0,0,0,0,0,0,0,0,0,0,0,0,0,0,0,0,0,0,0,3,0,0,0,0,0,0,11,0,0,8,1,0,3,0,0,0,0,1,0,7,0,0,0,0,0,0,0,0,0,0,0,0,0,0,0,0
795,8125,1.7,0.23,3.4,24200,70,0,77,5,0,37,20,0,0,0,1,0,0,0,0,1,0,0,21,9,4,0,0,0,0,0,0,0,0,0,0,1,1,0,0,0,0,0,0,0,0,0,27,0,3,1,2,1,0,0,1,4,0,3,1,1,5,5,2,6,5,0,0,0,2,4,0,0,6,4,0,0,1,0,7,2,0,0,0,0,0,0,0,0,0,0,1,0,3,0,8,0,0,0,19,1,0,0,0,0,0,1,0,0,3,0,0,0,0,0,0,0,0,0,7,0,0,1,0,0,4,0,0,0,0,0,0,0,0,0,0
800,8147.06,2,0.23,4.5,24200,49,0,123,1,0,51,22,0,0,1,1,0,0,0,0,0,0,0,6,18,8,1,0,0,0,0,0,0,0,0,0,0,1,0,0,0,0,0,1,0,0,0,4,0,6,2,5,0,1,1,2,1,1,5,0,4,0,7,0,2,4,0,0,0,1,1,0,0,6,7,1,0,0,0,1,3,0,0,0,0,0,0,0,0,0,0,0,0,4,0,5,0,0,0,1,0,0,0,0,0,0,2,0,0,1,2,0,0,0,0,1,0,0,0,12,0,0,1,0,0,1,0,0,0,0,0,0,0,0,0,0
805,8169.12,1.9,0.23,4.1,24200,77,0,158,5,0,54,15,0,0,2,1,0,0,0,0,0,0,0,6,12,8,1,0,0,0,0,0,0,0,0,1,0,1,0,0,0,0,0,0,0,0,0,17,0,2,5,2,1,0,0,3,1,0,3,0,0,16,6,1,2,3,0,0,0,1,2,0,0,4,7,0,0,0,0,2,2,0,0,0,0,0,0,0,0,3,0,1,0,0,0,3,0,0,0,5,0,0,0,0,0,0,0,0,0,1,0,0,0,0,0,1,0,0,0,3,0,0,0,0,0,1,1,0,0,1,0,0,0,0,0,0
810,8191.18,2,0.23,3.9,24200,91,0,140,5,0,60,18,0,0,1,0,0,0,0,0,0,0,0,4,2,10,0,0,0,0,0,0,0,0,0,0,1,0,0,0,0,0,0,1,0,0,0,7,0,4,1,6,0,0,1,1,2,0,2,0,2,21,4,0,4,2,0,0,0,0,2,0,1,10,10,0,0,0,0,0,1,0,0,0,0,0,0,0,0,3,0,0,0,4,0,5,0,0,0,5,0,0,0,0,0,0,0,0,0,3,0,0,0,0,0,0,0,0,0,3,0,0,0,0,0,0,0,0,0,0,0,0,0,0,0,0
815,8213.24,2,0.23,4,24200,90,0,162,4,0,41,13,0,0,1,0,0,0,0,0,0,0,0,6,12,8,1,0,0,0,0,0,0,0,0,2,2,0,0,0,0,0,0,1,0,0,0,21,0,4,8,2,2,0,0,1,3,0,1,1,1,13,5,2,2,3,0,0,0,1,2,0,0,8,6,0,0,1,0,1,1,0,0,0,0,0,0,0,0,1,0,1,0,0,0,6,0,0,0,7,0,0,0,0,0,0,2,0,0,1,1,0,0,0,0,0,0,0,0,4,0,0,0,0,0,1,0,0,0,0,0,0,0,0,0,0
820,8235.3,1.8,0.23,4.3,24200,378,0,249,12,0,22,8,0,0,0,1,0,0,0,0,0,0,0,11,11,2,0,0,0,0,0,0,0,0,0,0,1,1,0,0,0,0,0,1,0,0,0,21,0,1,5,1,0,0,0,0,3,0,1,0,2,17,4,0,1,1,0,0,0,0,3,0,0,4,1,0,0,0,0,1,5,0,0,0,0,0,0,0,0,9,0,0,0,2,0,6,1,0,0,1,0,0,0,0,0,0,3,0,0,3,0,0,1,0,0,0,1,0,0,1,1,0,0,0,0,0,0,0,0,0,0,0,0,0,0,0
825,8257.36,2,0.23,4.9,24200,592,0,313,6,0,18,10,0,0,0,0,0,0,0,0,0,0,0,10,8,8,0,0,0,0,0,1,0,0,0,0,0,1,0,0,0,0,0,0,0,0,0,21,0,1,4,0,1,0,0,1,0,1,0,0,0,13,6,1,3,0,0,0,0,0,1,0,0,3,5,0,0,0,0,0,4,0,0,0,1,0,0,0,0,0,0,0,0,0,0,3,0,0,0,3,0,0,0,0,0,0,1,0,0,3,0,0,0,0,0,0,0,0,0,2,2,0,2,0,0,0,0,0,0,0,0,0,0,0,0,0
830,8279.43,1.9,0.23,4.1,24200,331,0,335,10,0,20,5,0,0,0,1,0,0,0,0,0,0,0,11,14,4,0,0,0,0,0,0,0,0,0,1,0,0,0,0,0,2,0,0,0,0,0,16,0,2,6,1,0,0,0,1,1,0,1,0,0,16,2,0,0,0,0,0,0,0,2,0,0,12,1,0,0,0,0,1,7,0,0,2,0,0,0,0,0,2,0,0,0,1,0,7,0,1,0,2,0,0,0,0,0,0,1,0,0,1,0,0,1,0,0,0,0,0,0,4,1,0,0,0,0,0,1,0,0,0,0,0,0,0,0,0
835,8301.49,1.9,0.23,4.7,24200,499,0,478,5,0,17,13,0,0,0,0,1,0,0,0,0,0,0,2,8,4,0,0,0,0,0,1,0,0,0,1,0,0,0,0,0,0,0,0,0,0,0,24,0,1,10,0,1,0,2,0,2,0,4,0,0,15,6,1,1,1,0,0,0,0,2,0,0,2,1,0,0,0,0,1,3,0,0,0,0,0,0,0,0,1,4,0,0,1,0,2,0,0,0,1,1,0,0,0,0,0,2,0,0,1,0,0,0,0,0,0,0,0,0,2,0,0,1,0,0,1,0,0,0,0,0,0,0,0,0,0
838,8314.72,1.8,0.23,4.5,24200,292,0,261,12,0,29,14,0,0,0,0,0,0,1,0,0,0,0,6,13,6,0,0,0,0,0,0,0,0,0,0,0,0,0,0,0,0,0,0,0,0,0,19,0,5,11,1,0,0,1,1,4,0,4,3,0,13,4,2,1,1,0,0,0,0,3,0,0,8,7,0,0,1,0,4,3,1,0,1,0,0,0,0,0,4,0,0,0,0,0,4,0,0,0,3,0,0,0,0,0,0,1,0,0,2,0,0,0,0,0,0,0,0,0,4,0,0,0,1,0,0,0,0,0,0,0,0,0,0,0,0
843,8336.78,1.9,0.23,5.1,24200,461,0,279,5,0,19,14,0,0,0,0,1,0,0,0,0,0,0,4,10,1,0,0,0,0,0,0,0,0,0,0,3,0,1,0,0,1,0,0,0,0,0,13,0,2,7,2,1,0,0,4,2,1,2,0,1,13,2,1,3,1,0,0,1,0,7,0,0,1,2,0,0,0,0,0,0,0,0,0,0,0,0,1,0,0,1,0,0,0,0,0,0,0,0,4,0,0,0,0,0,0,4,0,0,2,0,0,2,0,0,0,0,0,1,3,0,0,0,0,0,2,0,0,0,0,0,0,0,0,0,0
848,8358.84,1.8,0.23,4.5,24200,635,0,366,10,1,25,5,0,0,0,1,0,0,1,0,0,0,0,6,8,2,0,0,0,0,0,0,0,0,0,0,1,0,0,0,0,0,0,0,0,0,0,18,0,4,4,0,0,0,0,4,0,0,1,0,0,9,4,1,0,0,0,0,0,0,1,0,0,7,3,0,0,0,0,0,2,0,0,0,0,0,0,0,0,2,0,0,0,2,0,5,0,1,0,1,0,0,0,0,0,0,2,0,0,0,0,0,0,0,0,0,0,0,0,5,1,0,0,0,0,0,0,0,0,0,0,0,0,0,0,0
855,8389.73,1.7,0.23,3.8,24200,530,0,285,7,0,11,3,0,0,0,0,0,1,0,0,3,0,0,10,12,1,0,0,0,0,0,0,0,0,0,0,0,0,0,0,0,0,0,0,0,0,0,7,0,1,3,0,2,0,0,2,2,0,1,0,2,7,8,0,0,0,0,0,0,1,0,0,0,2,5,0,0,0,0,3,7,1,0,0,0,0,0,0,0,0,0,0,0,2,0,2,0,0,0,0,0,0,0,0,0,0,0,0,0,1,0,0,1,0,0,0,0,0,0,6,0,0,3,1,1,3,0,0,0,1,1,0,0,0,0,0
860,8411.79,1.6,0.23,3.7,24200,130,0,106,14,0,29,16,0,0,1,0,0,1,0,0,1,0,0,8,0,8,0,0,0,0,0,0,0,0,0,0,0,0,0,0,0,1,0,0,0,0,0,25,0,6,1,4,0,0,0,3,2,0,4,0,0,20,24,1,3,1,0,0,0,0,2,0,0,7,6,1,0,0,0,0,0,0,0,1,0,0,0,0,0,0,0,0,0,4,0,4,0,0,0,6,0,0,0,0,0,0,1,0,0,1,1,0,0,0,0,1,0,0,0,1,0,0,0,0,0,0,0,0,0,0,0,0,0,0,0,0
870,8455.91,1.7,0.23,3.7,24200,16,0,130,5,1,47,9,0,0,0,0,0,0,0,0,1,0,0,2,0,4,0,0,0,0,0,0,0,1,0,0,1,0,0,0,0,0,0,0,0,0,0,18,0,2,2,2,1,1,0,1,1,0,3,0,1,19,18,0,2,0,0,0,0,0,0,0,0,12,5,0,0,0,0,4,1,0,0,1,0,0,0,0,0,3,0,1,0,4,0,7,0,0,0,3,0,0,0,0,0,0,0,0,0,2,0,0,0,0,0,0,0,0,0,4,0,0,1,0,0,0,0,0,0,1,0,0,0,0,0,0
880,8500.03,1.7,0.23,4.1,24200,93,0,116,9,0,27,13,0,0,1,0,0,0,0,0,0,0,0,10,18,10,1,1,0,0,0,0,0,0,0,0,1,0,0,0,0,0,0,1,0,0,0,28,0,4,1,1,0,0,0,3,2,0,5,0,0,26,11,0,1,0,0,0,0,0,0,1,0,14,5,0,0,0,0,5,3,0,0,2,0,0,0,0,0,5,0,0,0,7,0,4,0,0,0,3,0,0,0,0,0,0,2,0,0,2,0,0,0,0,0,0,0,1,0,3,1,0,0,0,0,0,0,0,0,0,0,0,0,0,0,0
890,8544.16,2,0.23,4.4,24200,113,0,143,8,0,28,10,0,0,2,0,0,1,0,0,0,0,0,12,16,3,0,0,0,0,1,0,0,1,0,0,0,0,0,0,0,0,0,0,0,0,0,20,0,1,0,1,0,0,0,1,0,0,1,0,0,17,2,0,0,2,0,0,0,0,0,0,0,10,2,0,0,0,0,2,0,0,0,1,0,0,0,0,0,1,0,0,0,1,0,6,0,1,0,4,0,0,0,0,0,0,2,0,0,3,0,0,0,0,0,0,0,0,0,4,1,0,0,0,0,0,0,0,0,0,0,0,0,0,0,0
900,8588.28,1.8,0.23,4.4,24200,110,0,122,12,0,38,14,0,0,0,0,0,0,0,0,0,0,0,10,14,8,0,0,0,0,0,0,0,0,0,0,0,0,1,0,0,0,0,1,0,0,0,27,0,3,4,1,0,0,0,3,1,0,5,0,0,9,3,1,0,3,0,0,0,0,0,0,0,8,6,0,0,0,0,3,1,0,0,1,0,0,0,0,0,1,0,0,0,7,0,7,0,2,0,2,0,0,0,0,0,0,0,0,0,2,1,0,0,0,0,0,0,0,0,3,1,0,0,0,0,0,0,0,0,0,0,0,0,0,0,0
910,8632.4,1.9,0.23,4.9,24200,89,0,115,8,0,48,10,0,0,1,0,0,0,0,0,0,0,0,20,20,8,1,0,0,0,0,0,0,1,0,0,0,0,0,0,0,0,0,1,0,0,0,23,0,4,3,3,0,0,1,2,0,0,4,0,1,8,3,0,0,2,0,0,0,0,0,1,0,9,4,0,0,0,0,3,6,0,0,0,0,0,0,0,0,4,0,0,0,5,0,6,0,0,0,3,0,0,0,0,0,0,2,0,0,1,0,0,2,0,0,0,0,0,0,3,1,0,0,0,0,0,0,0,0,0,0,0,0,0,0,0
920,8676.52,1.5,0.23,3.6,24200,194,0,142,9,0,37,9,0,0,4,0,0,0,0,0,0,0,0,20,20,10,0,1,0,0,0,0,0,0,0,0,0,0,0,0,0,0,0,1,0,0,0,13,0,4,3,3,0,0,0,2,1,0,3,0,0,13,15,0,1,2,0,0,0,0,0,0,1,11,3,0,0,0,0,2,1,0,0,2,0,0,0,0,0,1,0,0,0,1,0,7,0,2,0,5,0,0,0,0,0,0,2,0,0,1,0,0,0,0,0,0,0,0,0,3,1,0,0,0,0,1,0,0,0,0,0,0,0,0,0,0
930,8720.64,1.7,0.23,4.4,24200,337,0,292,5,0,21,4,0,0,1,0,0,0,0,0,0,0,0,4,8,4,0,0,0,0,0,0,0,0,0,0,1,0,0,0,0,1,0,0,0,0,0,10,0,1,3,2,0,0,1,2,2,0,3,0,0,7,4,0,0,0,0,0,0,0,0,0,0,3,6,0,0,0,0,0,3,0,0,1,0,0,0,0,0,2,0,0,0,2,0,3,0,0,0,0,0,0,0,0,0,0,1,0,0,0,1,1,0,0,0,0,0,0,0,3,1,0,1,1,0,0,0,0,0,0,0,0,0,0,0,0
940,8764.76,1.6,0.23,4,24200,211,0,162,3,1,35,9,0,0,4,1,0,1,0,0,0,0,0,4,6,8,1,0,0,0,0,0,0,1,0,0,0,0,0,0,0,2,0,0,0,0,0,12,0,1,1,1,0,0,0,0,1,0,4,0,1,5,4,1,2,0,0,0,0,0,0,0,0,10,6,0,0,0,0,1,1,0,0,0,0,0,0,0,0,2,0,0,0,1,0,9,0,0,0,2,0,0,0,0,0,0,1,0,0,1,0,0,0,0,0,0,0,0,0,3,1,0,0,0,0,0,0,0,0,1,0,0,0,0,0,0
950,8782.01,1.6,0.19,4.1,24200,199,0,163,7,0,27,13,0,0,1,1,1,1,0,0,0,0,0,1,17,11,0,0,0,0,0,1,0,0,0,0,1,0,0,0,0,0,0,2,0,0,0,21,0,4,1,2,0,0,0,1,0,0,2,0,0,5,8,0,1,1,0,0,0,0,0,0,0,14,4,0,0,0,0,2,3,0,0,1,0,0,0,0,0,0,0,0,0,0,0,5,0,0,0,3,0,0,0,0,0,0,1,0,0,1,0,0,0,0,0,0,0,0,0,5,1,0,0,0,0,0,0,0,0,0,0,0,0,0,0,0
960,8787.75,1.5,0.19,3.2,24200,217,0,134,4,0,43,14,0,0,4,2,0,0,0,0,0,0,0,12,17,17,2,0,0,0,1,1,0,0,0,0,0,0,0,0,0,0,0,2,0,0,0,12,0,5,0,0,0,1,0,1,0,0,0,0,0,19,1,0,0,0,0,0,0,0,0,0,0,7,1,0,0,0,0,0,5,0,0,0,0,0,0,0,1,2,1,0,0,3,0,6,0,0,0,2,0,0,0,0,0,0,3,0,0,3,1,0,0,0,0,0,0,0,0,6,0,0,0,0,0,0,0,0,0,0,0,0,0,0,0,0
975,8796.35,1.6,0.19,4.3,24200,98,0,149,9,0,52,12,0,0,5,2,0,0,0,0,0,0,0,16,20,10,1,0,0,0,0,0,0,0,0,0,1,0,0,0,0,0,0,1,0,0,0,17,0,4,2,0,0,0,0,1,0,0,1,0,0,7,6,0,1,0,0,0,0,0,0,0,0,5,4,0,0,0,0,0,0,0,0,0,0,0,0,0,0,0,1,0,0,1,0,3,0,0,0,1,0,0,0,0,0,0,0,0,0,2,0,0,0,0,0,1,0,0,1,6,1,0,0,0,0,0,0,0,0,0,0,0,0,0,0,0
985,8802.09,1.8,0.19,5.1,24200,84,0,157,11,0,36,7,0,0,2,1,0,0,0,0,0,0,0,3,8,14,2,0,0,0,0,0,0,0,0,0,0,0,0,0,0,0,0,1,0,0,0,19,0,2,1,2,0,1,0,3,0,0,1,0,0,7,4,1,1,2,0,0,0,0,0,0,0,7,3,0,0,0,0,1,3,0,0,0,0,0,0,0,0,2,1,0,0,1,0,1,0,0,0,1,0,0,0,0,0,0,0,0,0,3,3,0,0,0,0,0,0,0,1,7,1,0,0,0,0,0,0,0,0,1,0,0,0,0,0,0
995,8807.82,1.7,0.19,3.5,24200,168,0,163,11,0,38,15,0,0,1,2,0,0,0,0,0,1,0,16,12,6,0,0,0,0,0,0,0,0,0,0,0,0,0,0,0,0,0,1,0,0,0,12,0,7,0,0,0,0,0,5,0,0,2,0,0,6,2,0,0,3,0,0,0,0,0,0,0,5,4,0,0,0,0,5,2,0,0,0,0,0,0,0,0,3,0,0,0,1,0,1,0,0,0,2,0,0,0,0,0,0,0,0,0,0,0,0,0,0,0,0,0,0,0,2,1,0,0,0,0,0,0,0,0,0,0,0,0,0,0,0
1005,8813.56,1.8,0.19,4.5,24200,204,0,192,22,0,17,5,0,0,3,0,0,0,0,0,0,0,0,6,6,6,0,0,0,0,1,1,0,0,0,0,1,0,0,0,0,0,0,1,0,0,0,21,0,2,0,1,0,0,0,1,1,0,1,0,0,7,2,0,1,1,0,0,0,0,1,0,0,3,2,1,0,0,0,0,0,0,0,0,0,0,0,0,0,4,0,0,0,1,0,2,0,0,0,0,0,0,0,0,0,0,1,0,0,2,0,0,0,0,0,0,0,0,0,2,1,1,0,0,1,0,0,0,0,0,0,0,0,0,0,0
1010,8816.43,1.7,0.19,4.3,24200,212,0,222,14,0,15,4,0,0,0,0,0,0,0,0,0,0,0,1,5,3,0,0,0,0,0,0,0,0,0,0,1,0,0,0,0,0,0,0,0,0,0,19,0,1,0,1,0,1,0,4,0,0,0,0,0,8,2,0,0,3,0,0,0,0,0,0,0,2,5,1,0,0,0,0,0,0,0,0,0,0,0,0,0,1,1,0,0,0,0,1,0,0,0,0,0,0,0,0,0,0,1,0,1,0,1,0,0,0,0,0,0,0,1,4,5,0,1,0,0,0,0,0,0,0,0,0,0,0,0,0
1015,8842.07,1.8,0.16,4.4,24200,145,0,193,24,0,16,4,0,0,1,3,0,1,0,0,0,0,0,3,6,9,0,0,0,0,2,0,0,0,0,0,0,0,0,0,0,0,0,1,0,0,0,15,0,2,0,0,0,0,0,2,2,0,1,0,0,7,1,0,0,1,0,0,0,0,0,0,0,6,3,0,0,0,0,0,0,0,0,1,0,0,0,0,0,0,1,0,0,0,0,2,1,0,0,1,0,0,0,0,0,0,3,0,0,1,1,0,0,0,0,0,0,1,0,1,0,0,0,0,0,0,0,0,0,0,0,0,0,0,0,0
1025,8904.76,1.9,0.16,3.6,24200,213,0,149,10,0,32,15,0,0,4,0,0,0,0,0,0,0,0,6,15,2,0,0,0,0,0,0,0,0,0,0,0,0,0,0,0,0,0,1,0,0,0,18,0,8,0,0,0,0,0,5,0,0,1,0,0,14,3,1,0,0,0,0,0,0,0,0,0,10,5,0,0,0,0,0,1,0,0,0,0,0,0,0,0,1,1,0,0,0,0,4,0,0,0,2,0,0,0,0,0,0,6,0,0,2,0,0,1,0,0,0,0,1,0,3,0,0,0,1,0,0,0,0,0,0,0,0,0,0,0,0
1035,8967.44,1.9,0.16,4.8,24200,232,0,180,9,0,23,16,0,0,2,0,2,2,0,0,0,0,0,6,9,1,0,0,0,0,0,0,0,1,0,0,0,0,0,0,0,0,0,1,0,0,0,9,0,3,2,0,0,0,0,4,0,0,2,0,1,16,3,1,1,1,0,0,0,0,0,0,0,9,3,0,0,0,0,0,1,0,0,1,0,0,0,0,0,1,0,0,0,2,0,5,0,0,0,1,0,0,0,0,0,0,1,0,0,1,0,0,1,0,0,0,0,0,0,5,0,0,0,0,0,0,0,1,0,1,0,0,0,0,0,0
1040,8998.78,1.7,0.16,4.2,24200,130,0,255,13,0,29,18,0,0,3,2,0,0,0,0,0,0,0,6,11,7,0,2,0,1,2,0,0,0,1,0,0,0,2,0,0,0,0,0,0,0,0,10,0,3,0,2,1,1,0,5,1,0,1,0,0,8,0,0,0,1,0,0,0,0,0,0,0,1,4,0,0,0,0,0,0,1,0,0,0,0,0,0,0,1,0,0,0,0,0,0,0,0,0,0,0,0,0,0,0,0,1,0,0,1,4,0,0,0,0,0,0,0,0,5,0,0,0,0,0,1,0,0,0,0,0,3,0,0,0,0
1050.5,9064.6,1.9,0.16,3.4,24200,170,0,150,8,0,26,21,0,0,4,1,0,0,0,0,0,0,0,3,15,6,1,0,0,0,0,0,0,2,0,0,0,0,0,0,0,0,0,1,0,0,0,12,0,5,0,1,0,1,0,2,1,0,1,0,1,8,4,1,1,1,0,0,0,0,0,0,0,3,7,0,0,0,1,1,3,1,0,1,0,0,0,0,0,3,0,0,0,2,0,4,0,0,0,0,0,0,0,0,0,0,1,0,0,1,2,1,0,0,0,0,0,0,0,7,1,0,2,0,0,0,0,0,0,0,0,1,0,0,0,0
1060.5,9127.28,1.9,0.16,3.5,24200,25,0,149,12,0,63,4,0,0,0,0,4,0,0,0,0,1,0,1,0,8,0,1,0,0,0,0,0,0,0,0,1,0,0,0,0,0,0,0,2,0,0,5,0,8,1,0,0,0,0,1,0,0,0,0,0,14,3,4,0,2,0,0,0,0,4,0,0,5,6,1,0,0,0,2,0,0,0,0,0,0,0,0,0,0,0,0,0,0,0,0,0,0,0,5,0,0,0,0,0,0,3,0,0,1,1,0,1,0,0,0,0,1,0,3,0,0,0,0,0,2,0,0,0,0,0,0,0,0,0,0
1065.5,9158.63,1.6,0.16,4.8,24200,35,0,152,10,0,39,20,0,0,1,1,0,0,0,0,0,0,0,6,18,3,0,0,0,0,0,0,0,1,0,0,0,1,0,0,0,1,0,2,0,0,0,14,0,9,3,2,0,0,0,2,0,0,2,0,0,15,3,4,2,0,0,0,0,0,0,0,0,12,3,0,0,0,0,0,0,0,0,0,0,0,0,0,0,4,0,0,0,2,0,3,0,0,0,2,0,0,0,0,0,0,5,0,0,1,1,0,0,0,1,0,0,1,0,5,3,0,0,0,0,0,0,0,0,2,0,0,0,0,0,0
1070.5,9189.97,1.7,0.16,3.7,24200,56,0,175,8,0,11,6,0,0,0,2,0,0,0,0,0,0,0,1,0,8,0,0,0,0,0,0,0,0,0,0,0,0,0,0,0,0,0,1,0,0,0,8,0,4,2,2,0,0,0,1,0,0,0,0,1,9,3,0,0,1,0,0,0,0,0,0,0,4,1,1,0,0,0,0,2,0,0,0,0,0,0,0,0,4,0,0,0,0,0,4,0,0,0,0,0,0,0,0,0,0,0,0,0,0,0,0,0,0,0,0,0,0,0,2,1,0,0,0,0,1,1,0,0,0,0,0,0,0,0,0
1085.5,9283.99,1.6,0.16,3.9,24200,89,0,115,6,0,44,12,0,0,1,3,0,1,0,0,0,0,0,6,10,16,2,0,0,0,0,0,0,1,0,1,0,0,0,0,0,0,0,0,0,0,0,20,0,4,1,1,0,0,0,3,2,0,2,6,1,12,6,1,1,1,0,0,0,0,0,0,0,9,9,0,0,0,0,4,0,0,0,0,0,0,0,0,0,1,0,0,0,5,0,3,0,0,0,2,0,0,0,0,0,0,0,0,0,3,0,0,1,0,0,0,0,0,0,6,0,0,1,0,0,0,0,0,0,1,0,0,0,0,0,0
1090.5,9315.34,1.7,0.16,4.6,24200,76,0,105,10,0,49,10,0,0,0,4,0,1,0,0,0,0,0,2,10,14,0,0,0,0,0,0,0,0,0,0,0,0,0,0,0,0,0,0,0,0,0,20,0,7,2,4,0,0,0,5,0,0,3,1,0,15,2,1,0,1,0,0,0,0,0,0,0,6,6,0,0,0,0,4,0,0,0,1,0,0,0,0,0,1,0,0,0,7,0,6,0,0,0,4,0,0,0,0,0,0,3,0,0,4,0,0,0,0,1,0,0,0,0,11,1,0,0,0,0,1,0,0,0,0,0,0,0,0,0,0
1100.5,9378.02,1.8,0.16,3.5,24200,30,0,63,10,0,50,16,0,0,1,4,0,0,0,0,0,0,0,6,20,18,1,0,0,0,0,0,0,1,0,0,0,0,0,0,0,0,0,0,0,0,0,19,0,5,1,1,0,0,0,5,3,0,6,1,1,14,1,2,3,1,0,0,0,0,0,0,0,13,6,2,0,0,0,2,7,1,0,0,0,0,0,0,0,2,0,1,0,8,0,8,0,0,0,5,0,0,0,0,0,0,0,0,0,3,3,0,0,0,0,0,0,0,0,12,1,0,0,0,0,0,0,0,0,0,0,0,0,0,0,0
1105.5,9409.36,1.6,0.16,3.9,24200,80,0,100,12,0,43,8,0,0,1,4,0,0,0,0,0,1,0,4,4,18,0,0,0,0,0,0,0,0,0,0,1,0,0,0,0,1,0,4,1,0,0,9,0,11,0,1,0,0,0,3,1,2,2,0,3,16,1,2,4,3,0,0,0,0,0,0,0,7,2,0,0,0,0,3,1,0,0,0,0,0,0,0,0,1,0,0,0,1,0,7,1,0,0,5,0,0,0,0,0,0,1,0,0,6,0,0,0,0,0,0,0,0,0,9,1,0,0,0,0,2,0,0,0,0,1,0,0,0,0,0
1115.5,9472.04,1.8,0.16,4.3,24200,32,0,79,3,0,54,12,0,0,2,1,0,0,1,0,0,0,0,2,14,16,0,0,0,0,1,0,0,1,0,0,1,0,0,0,0,0,0,1,0,0,0,27,0,5,0,2,0,0,0,5,0,0,2,0,3,15,4,0,4,4,0,0,0,0,0,0,0,17,4,0,0,0,0,3,3,0,0,0,0,0,0,0,0,1,0,0,0,3,0,10,0,0,0,6,0,0,0,0,0,0,1,0,0,1,1,0,0,0,1,0,0,0,0,9,2,0,0,0,0,0,0,0,0,0,0,0,0,0,0,0
1125.5,9534.73,1.8,0.16,4,24200,236,0,103,12,0,34,16,0,0,1,4,0,0,0,0,0,2,0,3,13,19,1,1,0,0,0,0,0,4,0,0,1,0,0,0,0,1,0,3,0,0,0,9,0,5,4,0,0,0,0,1,0,0,1,0,0,16,3,0,0,4,0,0,0,0,0,0,0,18,7,0,0,0,0,2,2,1,0,0,0,0,0,0,0,4,1,0,0,3,0,4,0,0,0,0,0,0,0,0,0,0,7,0,0,2,1,0,1,0,0,0,0,0,0,4,0,0,0,0,0,0,0,0,0,0,0,0,0,0,0,0
1135.5,9597.41,1.8,0.16,4.4,24200,77,0,110,19,0,38,13,0,0,4,3,0,0,0,0,0,0,0,8,0,7,0,0,0,0,0,0,0,4,0,0,0,0,1,0,0,5,0,1,0,0,0,20,0,7,0,2,0,0,0,2,5,0,1,0,0,14,10,1,0,1,0,0,0,0,0,0,0,10,12,0,0,0,0,0,0,0,0,0,0,0,0,0,0,2,0,0,0,0,0,3,0,0,0,4,0,0,0,0,0,0,0,0,0,2,0,0,0,0,0,1,0,0,0,2,2,0,0,0,0,1,0,0,0,0,0,0,0,0,0,0
1140.5,9628.75,1.8,0.16,3.4,24200,16,0,130,13,0,56,20,0,0,3,2,0,0,0,0,0,0,0,14,0,17,0,0,0,0,0,0,0,0,0,0,0,2,0,0,0,0,0,0,0,0,0,7,0,5,0,1,0,0,0,2,5,0,0,0,2,9,2,4,0,1,0,0,0,0,0,0,0,2,4,2,0,0,0,0,1,0,0,1,0,0,0,0,0,0,0,0,0,1,0,0,0,0,0,3,0,0,0,0,0,0,0,0,0,0,2,0,2,0,0,0,0,1,0,8,0,0,1,1,0,1,0,0,0,0,0,0,0,0,0,0
1145.5,9660.1,1.7,0.16,3.7,24200,170,0,173,11,0,30,3,0,0,1,3,1,0,0,0,0,0,0,3,6,12,1,0,0,0,1,0,0,0,0,0,0,0,0,0,0,4,0,0,0,0,0,10,0,3,2,2,0,0,1,4,1,0,2,1,1,23,1,1,1,0,0,0,0,0,0,0,1,10,4,0,0,0,0,0,2,1,0,0,0,0,0,0,0,1,0,0,0,3,0,4,0,0,0,1,0,0,0,0,0,0,1,0,0,3,0,0,0,0,0,1,0,0,0,5,0,0,0,0,0,0,0,0,0,0,0,0,0,0,0,0
1150.5,9691.44,1.7,0.16,3.8,24200,300,0,194,20,1,11,3,0,0,0,1,0,0,0,0,0,0,0,1,13,11,0,2,0,0,0,0,0,0,0,0,0,1,0,0,0,2,0,2,1,0,0,14,0,5,1,0,0,0,0,1,4,0,0,0,1,12,6,0,0,1,0,0,0,0,1,0,0,12,4,0,0,0,0,1,1,0,0,0,0,0,0,0,0,2,0,0,0,0,0,0,0,0,0,1,0,0,0,0,0,0,3,1,1,7,0,0,1,0,0,0,0,0,0,2,0,0,0,0,1,2,0,0,0,1,0,1,0,0,0,0
1155.5,9722.78,1.7,0.16,4,24200,139,0,161,10,0,22,6,0,0,0,1,0,0,0,0,0,0,0,3,6,9,2,0,0,0,0,0,0,0,0,0,1,0,0,0,0,1,0,2,0,0,0,18,0,7,0,1,0,0,0,3,0,0,5,0,1,11,3,1,2,1,0,0,0,0,0,0,0,6,7,0,0,0,0,2,1,0,0,0,0,0,0,0,0,2,0,0,0,4,0,7,0,0,0,0,0,0,0,0,0,0,5,0,0,3,2,0,0,0,0,0,1,0,0,4,1,0,1,0,1,0,0,0,0,0,0,1,0,0,0,0
1160.5,9754.12,1.7,0.16,4.2,24200,150,0,130,14,0,32,9,0,0,0,3,0,0,0,0,0,0,0,3,13,15,0,0,0,0,0,0,0,1,0,0,0,0,0,0,0,0,0,1,0,0,0,16,0,10,0,2,0,0,0,3,6,0,0,0,4,19,8,1,0,2,0,0,0,0,1,0,0,17,8,0,0,0,0,0,2,1,0,0,0,0,0,0,0,4,0,0,0,0,0,0,0,0,0,2,0,0,0,0,0,0,1,0,1,4,1,0,1,0,0,0,0,0,0,2,1,0,0,0,0,3,0,0,0,0,0,1,0,0,0,0
1165.5,9785.46,1.7,0.16,3.3,24200,191,0,129,15,0,31,15,0,0,2,1,0,0,0,0,0,0,0,9,9,12,0,0,0,0,0,0,0,0,0,0,0,0,0,0,0,7,0,1,0,0,0,21,0,7,0,0,0,0,0,3,4,0,0,0,0,10,1,1,0,5,0,0,0,1,0,0,0,10,9,1,0,0,0,0,0,0,1,0,0,0,0,0,0,0,0,0,0,0,0,0,0,0,0,1,0,0,0,0,0,0,3,0,0,6,2,0,0,0,0,0,0,0,0,2,2,0,0,0,0,0,0,0,0,0,0,0,0,0,0,0
1167.5,9798,1.7,0.01,5.7,24200,1,0,71,4,0,66,15,0,0,0,2,0,0,0,0,0,0,0,4,8,10,3,0,0,0,0,0,0,0,0,1,0,0,0,0,0,0,0,0,0,0,0,25,0,20,1,0,0,1,0,3,5,0,2,0,2,30,15,0,2,6,0,0,0,3,1,0,0,9,6,0,0,0,0,5,5,1,0,0,0,0,0,0,0,0,0,0,0,0,0,6,0,0,0,7,1,0,0,0,0,0,0,0,0,4,2,0,0,0,0,1,0,0,0,3,0,0,0,0,0,0,0,0,0,0,0,0,0,0,0,0
