depth,cal BP,density,accrate,weight,lycadd,lyc,CHAR,Abies,Pinus,Juniperus,Betula,Corylus,Carpinus,Castanea,Acer,Salix,Alnus,Fraxinus,Fagus,Tilia,Populus,Juglans,Dec_Querc,Ever_Querc,Ulmus,Sorbus,Rhamnus,Buxus,Tamarix,Ephedra_dist,Ephedra frag,Ericaceae,Phillyrea,Other Oleaceae,Myrtus,Pistacia,Olea,Prunus_type,Genista,Poaceae,Artemisia,Cicho,Asteroideae,Carduaceae,Chenopodiaceae,Caryophyllaceae,Plantago,Brassicaceae,Gentiana,Fabaceae other,Fabaceae trifolium type,Fabaceae lotus type,Cistaceae,Linum,Lamiaceae,Rumex,Galium,Scrophu,Geraniaceae,Iridaceae,Liliaceae,Saxifragaceae_conc,Saxifragaceae,Rosaceae,Ranunculaceae,Poligonaceae,Apiaceae,Borag,Rubiaceae,Crassulaceae,Sedum,Urtica,Primulaceae,Campanul,Helianthe,Asphodelus,Ranunculus,Thalictrum,Cype,Typha,Myriophy,Potamoge,Callitri,Juncus,Pterydo_mon_orn,Ptheridophyte monolete lisa,Pteridophyte trilete,Glomus,Sordariales,total,herb
2.64,-30.96,1.7,0.1,2.6,41696,100,145913.51,260.140927774516,4812.60716382854,0,52.0281855549031,208.112742219612,0,0,0,52.0281855549031,0,0,0,0,0,0,156.084556664709,286.155020551967,0,0,26.0140927774516,52.0281855549031,0,52.0281855549031,0,52.0281855549031,0,26.0140927774516,0,0,650.352319436289,0,0,26.0140927774516,130.070463887258,0,0,130.070463887258,884.479154433353,0,0,0,0,728.394597768644,,0,0,0,0,0,0,0,0,0,0,0,0,0,52.0281855549031,0,52.0281855549031,0,0,0,0,0,0,0,0,0,0,104.056371109806,78.0422783323547,26.0140927774516,26.0140927774516,0,0,0,0,0,0,0,0,8688.70698766882,2003.08514386377
12.64,74.41,1.8,0.1,1.9,41696,106,310604.04,248.91105771053,4515.95776131962,142.234890120303,71.1174450601515,640.057005541363,0,0,0,71.1174450601515,35.5587225300757,0,35.5587225300757,0,0,71.1174450601515,106.676167590227,106.676167590227,0,0,35.5587225300757,35.5587225300757,0,0,35.5587225300757,177.793612650379,0,35.5587225300757,0,0,888.968063251893,0,0,533.380837951136,888.968063251893,0,0,0,640.057005541363,0,0,0,0,675.615728071439,,0,0,0,106.676167590227,35.5587225300757,0,0,0,71.1174450601515,0,0,0,0,35.5587225300757,0,0,0,0,0,0,0,0,0,0,0,0,35.5587225300757,426.704670360909,0,213.352335180454,0,0,0,0,213.352335180454,0,0,0,10240.9120886618,2986.93269252636
22.64,191.68,1.9,0.08,1.4,41696,159,146795,179.142169720871,3164.84499840205,149.285141434059,89.5710848604353,447.855424302176,0,0,0,89.5710848604353,119.428113147247,0,0,59.7140565736235,0,0,208.999198007682,328.427311154929,0,0,0,0,0,0,179.142169720871,298.570282868118,0,89.5710848604353,0,0,626.997594023047,0,0,358.284339441741,1134.56707489885,0,0,0,537.426509162612,0,0,0,29.8570282868118,537.426509162612,,0,0,0,119.428113147247,29.8570282868118,0,59.7140565736235,0,0,0,0,0,0,29.8570282868118,59.7140565736235,0,0,0,0,0,0,0,0,0,0,0,29.8570282868118,447.855424302176,29.8570282868118,179.142169720871,0,0,0,0,0,89.5710848604353,0,0,8927.25145775671,2896.13174382074
32.64,310.68,1.8,0.08,1.5,41696,114,153655.58,184.104556693748,5228.56941010244,184.104556693748,147.283645354998,405.030024726245,0,0,0,36.8209113387496,73.6418226774991,0,110.462734016249,36.8209113387496,0,73.6418226774991,36.8209113387496,331.388202048746,0,0,0,73.6418226774991,0,0,0,220.925468032497,0,110.462734016249,0,0,736.418226774991,0,0,994.164606146238,1325.55280819498,0,0,0,625.955492758743,0,0,0,0,441.850936064995,,0,0,0,73.6418226774991,0,0,0,0,0,0,0,0,0,0,0,0,0,0,0,0,0,0,0,0,0,0,184.104556693748,147.283645354998,36.8209113387496,220.925468032497,0,0,0,0,0,184.104556693748,0,0,11451.3034263511,3461.16566584246
44.68,451.96,1.8,0.06,3.6,41696,83,127404.73,0,2196.19508723952,276.342428195701,29.0886766521791,232.709413217433,0,14.5443383260895,14.5443383260895,14.5443383260895,159.987721586985,0,0,29.0886766521791,0,14.5443383260895,72.7216916304477,29.0886766521791,0,0,0,0,14.5443383260895,0,0,87.2660299565372,0,0,0,0,0,0,0,130.899044934806,523.596179739223,0,72.7216916304477,0,261.798089869612,0,0,29.0886766521791,0,58.1773533043581,,0,0,0,87.2660299565372,0,0,0,0,0,0,0,0,29.0886766521791,14.5443383260895,0,14.5443383260895,0,0,0,0,0,0,0,0,0,0,72.7216916304477,14.5443383260895,0,0,0,0,0,0,58.1773533043581,14.5443383260895,0,14.5443383260895,4406.93451280513,1221.72441939152
62.21,797.51,1.9,0.06,1.4,41696,121,84704.23,203.910770291404,1410.38282784888,93.459103050227,16.9925641909504,127.444231432128,8.49628209547518,0,0,0,178.421924004979,0,0,0,0,0,0,0,0,0,0,0,0,0,8.49628209547518,59.4739746683262,0,0,0,0,0,0,0,110.451667241177,322.858719628057,0,8.49628209547518,0,67.9702567638014,0,0,8.49628209547518,0,50.9776925728511,,0,0,0,25.4888462864255,0,8.49628209547518,42.4814104773759,0,0,0,0,0,67.9702567638014,8.49628209547518,0,8.49628209547518,0,0,0,8.49628209547518,0,0,0,0,0,0,108.318401606816,162.477602410223,0,0,0,0,0,16.9925641909504,59.4739746683262,8.49628209547518,0,0,2846.25450198418,739.176542306341
72.73,979.1,1.7,0.06,1.9,41696,74,66646.64,622.83080923919,3276.63164860617,108.318401606816,135.398002008519,460.353206828966,0,0,0,0,81.2388012051117,0,27.0796004017039,27.0796004017039,0,0,108.318401606816,216.636803213631,0,0,0,0,0,0,108.318401606816,216.636803213631,0,27.0796004017039,0,0,54.1592008034078,0,0,568.671608435782,1218.58201807668,0,0,0,324.955204820447,0,0,0,27.0796004017039,406.194006025558,,0,0,0,108.318401606816,54.1592008034078,0,0,0,0,0,0,0,0,0,0,0,0,0,0,0,0,0,0,0,0,0,262.729093034155,29.1921214482395,0,460.353206828966,27.0796004017039,0,0,0,0,54.1592008034078,0,0,8178.03932131458,2707.96004017039
84.42,1181.09,1.9,0.06,1.5,41696,133,92831.77,642.226671861268,4553.97094592536,87.5763643447184,29.1921214482395,87.5763643447184,0,0,0,0,29.1921214482395,0,29.1921214482395,0,0,0,58.3842428964789,321.113335930634,0,0,0,0,0,0,87.5763643447184,175.152728689437,0,0,0,0,175.152728689437,0,0,321.113335930634,1488.79819386021,0,87.5763643447184,0,233.536971585916,0,0,0,0,262.729093034155,,0,0,0,87.5763643447184,0,0,58.3842428964789,0,0,0,0,0,0,0,0,29.1921214482395,0,0,0,0,0,0,0,0,0,0,160.957344142058,68.9817189180247,0,496.266064620071,0,0,0,0,29.1921214482395,29.1921214482395,0,0,8845.21279881655,2568.90668744507
91.43,1300.87,1.7,0.06,2.3,41696,68,60357.09,528.859845038189,3449.08594590123,22.9939063060082,137.963437836049,367.902500896131,0,0,0,0,160.957344142058,0,45.9878126120164,22.9939063060082,0,0,22.9939063060082,91.9756252240329,0,0,0,0,22.9939063060082,0,0,482.872032426173,0,0,0,0,45.9878126120164,0,0,160.957344142058,1218.67703421844,0,22.9939063060082,0,206.945156754074,0,0,0,0,413.890313508148,,0,0,0,45.9878126120164,0,0,0,0,0,0,0,0,0,45.9878126120164,0,0,0,0,0,0,0,0,0,0,0,0,26.2430452405529,26.2430452405529,0,597.841563956214,0,0,0,0,0,45.9878126120164,0,0,7519.00736206469,2115.43938015276
99.61,1414.54,1.7,0.06,1.6,41696,168,100122.5,367.40263336774,5301.09513859168,629.833085773269,131.215226202764,262.430452405529,0,0,0,0,446.131769089399,0,0,26.2430452405529,0,0,52.4860904811057,0,0,0,26.2430452405529,0,0,0,0,26.2430452405529,0,0,0,0,0,0,0,209.944361924423,314.916542886634,0,52.4860904811057,0,183.70131668387,0,0,26.2430452405529,0,131.215226202764,,0,0,0,52.4860904811057,0,26.2430452405529,52.4860904811057,0,0,0,0,0,52.4860904811057,26.2430452405529,0,0,0,0,0,0,0,0,0,0,0,0,61.0775636253343,61.0775636253343,0,0,0,0,0,0,52.4860904811057,52.4860904811057,0,157.458271443317,8397.77447697691,1128.45094534377
103.12,1462.68,1.7,0.07,2.6,41696,77,82511.89,397.004163564673,2427.83315410704,45.8081727190008,45.8081727190008,198.502081782337,0,0,0,0,91.6163454380015,0,0,0,0,0,30.5387818126672,61.0775636253343,0,0,0,0,0,0,30.5387818126672,152.693909063336,0,0,0,0,45.8081727190008,0,0,167.963299969669,259.579645407671,0,0,0,198.502081782337,0,0,0,0,137.424518157002,,0,0,0,91.6163454380015,0,0,0,0,0,0,0,0,0,45.8081727190008,0,0,0,0,0,0,0,0,0,0,0,0,154.163398285314,0,0,335.926599939339,0,0,0,0,15.2693909063336,15.2693909063336,0,0,4428.12336283674,900.894063473681
112.47,1591.58,1.8,0.07,1.3,41696,95,99116.33,488.184094570161,6115.14813198413,128.469498571095,51.387799428438,976.368189140323,0,0,0,0,488.184094570161,25.693899714219,77.0816991426571,25.693899714219,0,25.693899714219,154.163398285314,102.775598856876,0,0,0,0,25.693899714219,0,25.693899714219,205.551197713752,0,0,0,0,25.693899714219,0,0,179.857297999533,976.368189140323,0,154.163398285314,0,256.93899714219,0,0,25.693899714219,0,308.326796570628,2,25.693899714219,0,0,77.0816991426571,0,0,231.245097427971,0,0,0,0,0,25.693899714219,0,0,0,0,0,0,0,0,0,0,0,0,0,264.607393217889,176.404928811926,0,0,0,0,0,51.387799428438,25.693899714219,77.0816991426571,0,179.857297999533,11204.5402753995,2263.06317485127
114.81,1623.56,1.8,0.07,2.5,41696,52,139182.39,882.02464405963,6615.18483044722,176.404928811926,132.303696608944,882.02464405963,0,0,0,132.303696608944,264.607393217889,0,88.202464405963,44.1012322029815,0,0,352.809857623852,485.113554232797,0,0,0,0,0,0,308.708625420871,308.708625420871,0,44.1012322029815,0,0,132.303696608944,0,0,441.012322029815,1190.7332694805,0,0,0,264.607393217889,0,0,0,0,441.012322029815,,0,0,0,88.202464405963,0,0,0,0,0,0,0,0,0,0,0,0,0,0,0,0,0,0,0,0,0,0,335.169364742659,167.58468237133,0,573.31601863876,44.1012322029815,0,0,0,44.1012322029815,0,0,0,13274.4708930974,2425.56777116398
122.99,1736.72,1.9,0.07,1.5,41696,79,188704.87,586.546388299654,8672.50731271631,83.7923411856648,167.58468237133,1256.88511778497,0,0,0,0,251.377023556995,125.688511778497,41.8961705928324,83.7923411856648,0,0,377.065535335492,83.7923411856648,0,0,0,0,0,41.8961705928324,125.688511778497,502.754047113989,0,0,0,0,0,0,0,377.065535335492,1047.40426482081,0,167.58468237133,0,209.480852964162,125.688511778497,0,41.8961705928324,0,251.377023556995,1,0,0,0,251.377023556995,0,0,209.480852964162,0,0,0,0,0,0,0,0,0,0,0,0,0,0,0,0,0,0,0,194.061962239655,97.0309811198275,0,83.7923411856648,0,0,125.688511778497,83.7923411856648,125.688511778497,125.688511778497,0,209.480852964162,15083.6214134197,2682.35491794128
126.49,1784.86,1.9,0.07,3.1,41696,80,128387.37,1503.98020735733,7519.90103678663,48.5154905599138,291.092943359483,970.309811198275,0,0,0,48.5154905599138,339.608433919396,0,0,0,0,0,97.0309811198275,679.216867838793,0,0,0,0,0,0,48.5154905599138,339.608433919396,0,0,0,0,388.12392447931,0,0,339.608433919396,1552.49569791724,0,0,0,485.154905599138,0,0,0,0,727.732358398707,,0,0,0,485.154905599138,97.0309811198275,0,0,0,0,0,0,0,0,0,0,0,0,0,0,0,0,0,0,0,0,0,231.81796900604,0,0,242.577452799569,0,0,0,0,48.5154905599138,0,0,0,15961.5963942116,3687.17728255345
134.68,1897.49,1.9,0.07,2,41696,85,127366.17,347.726953509059,5169.54070883468,115.90898450302,92.7271876024158,579.544922515099,0,0,0,0,324.545156608455,69.5453907018119,69.5453907018119,23.181796900604,0,0,46.3635938012079,69.5453907018119,0,0,0,0,0,0,46.3635938012079,139.090781403624,0,0,0,0,0,0,0,46.3635938012079,811.362891521139,0,46.3635938012079,0,324.545156608455,46.3635938012079,0,0,0,417.272344210871,,0,0,0,69.5453907018119,0,0,92.7271876024158,0,0,0,0,0,0,0,0,0,0,0,0,0,46.3635938012079,0,0,0,0,0,101.454452317937,169.090753863229,0,115.90898450302,0,0,0,92.7271876024158,23.181796900604,46.3635938012079,0,208.636172105436,8994.53719743434,1900.90734584952
138.18,1945.59,1.8,0.07,3.2,41696,78,144815.17,1217.45342781525,5749.08563134978,33.8181507726458,202.908904635875,743.999316998207,0,0,0,33.8181507726458,270.545206181166,0,101.454452317937,101.454452317937,0,0,101.454452317937,507.272261589687,0,0,0,0,0,0,33.8181507726458,338.181507726458,0,0,0,0,101.454452317937,0,0,169.090753863229,1352.72603090583,0,0,0,371.999658499104,0,0,0,0,371.999658499104,,0,0,33.8181507726458,270.545206181166,67.6363015452916,0,0,0,0,0,0,0,0,0,0,67.6363015452916,0,0,0,0,0,0,0,0,0,0,43.6418443675338,43.6418443675338,21.8209221837669,473.454110817041,0,0,0,0,67.6363015452916,67.6363015452916,0,0,12242.1705796978,2705.45206181166
146.36,2054.72,1.9,0.07,1.6,41696,75,132615.29,349.13475494027,2945.82449480853,196.388299653902,43.6418443675338,1003.76242045328,0,0,0,0,261.851066205203,0,21.8209221837669,43.6418443675338,0,65.4627665513006,43.6418443675338,87.2836887350675,0,0,0,0,0,65.4627665513006,21.8209221837669,283.671988388969,0,0,0,0,21.8209221837669,0,0,130.925533102601,1134.68795355588,0,196.388299653902,0,436.418443675338,109.104610918834,0,0,0,261.851066205203,4,0,0,21.8209221837669,152.746455286368,0,0,152.746455286368,0,0,0,0,0,0,0,0,0,0,0,0,0,21.8209221837669,0,0,0,0,0,239.545234639574,47.9090469279148,0,87.2836887350675,0,0,0,21.8209221837669,21.8209221837669,109.104610918834,0,87.2836887350675,8077.74120799375,2622.51066205202
149.87,2107.09,1.8,0.07,3.3,41696,136,121693.84,1820.54378326076,7234.26608611514,47.9090469279148,95.8180938558297,1006.08998548621,0,0,0,0,383.272375423319,0,95.8180938558297,47.9090469279148,0,0,239.545234639574,862.362844702467,0,0,0,0,0,0,0,431.181422351234,0,0,0,0,0,0,0,239.545234639574,1389.36236090953,0,0,0,574.908563134978,0,0,0,0,574.908563134978,,0,0,47.9090469279148,431.181422351234,0,0,143.727140783745,0,0,0,0,0,0,0,0,47.9090469279148,0,0,0,0,0,0,0,0,0,0,60.6785001901539,12.1357000380308,0,622.817610062893,0,0,0,0,95.8180938558297,0,0,0,15714.1673923561,3449.45137880987
158.05,2219.7,1.8,0.07,2.2,41696,76,188738.67,351.935301102893,2111.61180661736,72.8142002281847,36.4071001140924,594.649301863508,0,0,0,0,97.0856003042463,12.1357000380308,12.1357000380308,12.1357000380308,0,60.6785001901539,84.9499002662155,48.5428001521231,24.2714000760616,0,0,0,12.1357000380308,0,12.1357000380308,72.8142002281847,0,0,0,0,0,0,0,72.8142002281847,436.885201369108,0,12.1357000380308,0,84.9499002662155,24.2714000760616,0,36.4071001140924,0,194.171200608493,,0,0,0,48.5428001521231,0,0,36.4071001140924,0,0,0,0,0,12.1357000380308,12.1357000380308,0,0,0,0,0,0,24.2714000760616,0,0,0,0,0,65.1495475725863,97.7243213588794,0,121.357000380308,0,0,0,0,24.2714000760616,36.4071001140924,24.2714000760616,48.5428001521231,4611.5660144517,995.127403118524
161.56,2267.84,1.7,0.07,3.4,41696,65,157024.39,1661.31346310095,5081.66471066173,65.1495475725863,130.299095145173,521.19638058069,0,0,0,0,195.448642717759,0,0,0,0,0,162.873868931466,260.598190290345,0,0,0,0,0,0,97.7243213588794,130.299095145173,0,32.5747737862932,0,0,65.1495475725863,0,0,130.299095145173,977.243213588795,0,0,0,423.472059221811,0,0,0,0,521.19638058069,,0,0,0,162.873868931466,65.1495475725863,0,32.5747737862932,0,0,0,0,0,0,0,0,32.5747737862932,0,0,0,0,0,0,0,0,0,0,162.929552305459,0,0,618.92070193957,0,0,0,0,97.7243213588794,65.1495475725863,0,0,10749.6753494767,2345.38371261311
173.25,2429.2,1.9,0.07,2.4,41696,84,113500.55,395.686055598973,5237.02132410405,139.653901976108,69.826950988054,488.788656916378,0,0,0,0,116.378251646757,0,0,0,0,23.2756503293513,46.5513006587027,46.5513006587027,0,0,23.2756503293513,0,0,0,23.2756503293513,116.378251646757,0,0,0,0,46.5513006587027,0,0,116.378251646757,674.993859551189,0,69.826950988054,0,186.205202634811,23.2756503293513,0,23.2756503293513,0,418.961705928324,,0,0,0,69.826950988054,0,0,46.5513006587027,0,0,0,0,0,0,0,0,0,0,0,0,0,0,0,0,0,0,0,57.0345796760891,28.5172898380446,0,46.5513006587027,0,0,0,46.5513006587027,0,0,0,0,8402.50976889583,1629.29552305459
184.94,2590.13,1.8,0.07,2.4,41696,163,178988.48,541.828506922847,5190.14675052411,114.069159352178,28.5172898380446,1169.20888335983,0,0,0,0,199.621028866312,0,28.5172898380446,0,0,114.069159352178,57.0345796760891,199.621028866312,28.5172898380446,0,0,0,28.5172898380446,28.5172898380446,57.0345796760891,171.103739028267,0,0,0,0,57.0345796760891,0,0,171.103739028267,827.001405303292,0,57.0345796760891,0,513.311217084802,57.0345796760891,0,0,0,484.793927246757,,0,0,0,57.0345796760891,28.5172898380446,0,28.5172898380446,0,28.5172898380446,0,0,0,0,0,0,0,0,0,0,0,28.5172898380446,0,0,0,0,0,83.5353094642364,55.690206309491,0,342.207478056535,0,0,0,0,57.0345796760891,28.5172898380446,0,0,10294.7416315341,2281.38318704356
190.78,2670.86,1.8,0.07,2.9,41696,93,87578.74,306.2961347022,2784.51031547455,0,27.8451031547455,473.366753630673,0,0,0,0,55.690206309491,0,13.9225515773727,13.9225515773727,0,27.8451031547455,13.9225515773727,55.690206309491,0,0,0,0,0,0,27.8451031547455,69.6127578868637,0,0,0,0,0,0,0,55.690206309491,403.753995743809,0,13.9225515773727,0,139.225515773727,0,0,13.9225515773727,0,264.528479970082,1,0,0,0,69.6127578868637,0,0,27.8451031547455,13.9225515773727,0,0,0,0,0,0,0,0,0,0,0,0,0,0,0,0,0,0,141.362681644336,20.1946688063338,0,222.760825237964,0,0,13.9225515773727,13.9225515773727,69.6127578868637,13.9225515773727,0,0,4873.89305208046,1003.42371357084
202.47,2810.18,1.8,0.09,2.5,41696,57,172853.28,444.282713739343,3433.09369707674,262.530694482339,20.1946688063338,686.618739415348,0,40.3893376126675,0,0,222.141356869671,40.3893376126675,80.778675225335,60.5840064190013,0,20.1946688063338,80.778675225335,60.5840064190013,40.3893376126675,0,0,0,0,0,40.3893376126675,40.3893376126675,20.1946688063338,0,0,0,0,0,0,181.752019257004,464.477382545677,0,141.362681644336,0,201.946688063338,0,0,40.3893376126675,0,262.530694482339,,80.778675225335,0,0,302.920032095006,0,0,40.3893376126675,0,0,0,0,0,0,40.3893376126675,0,20.1946688063338,0,0,0,0,20.1946688063338,0,0,0,0,0,195.069005847953,48.7672514619883,0,121.168012838003,0,0,40.3893376126675,20.1946688063338,40.3893376126675,0,0,40.3893376126675,7391.24878311815,1797.3255237637
214.16,2949.44,2,0.09,2.3,41696,156,241697.49,1365.48304093567,9899.75204678363,48.7672514619883,146.301754385965,1609.31929824561,0,0,0,0,390.138011695906,0,97.5345029239766,146.301754385965,0,0,0,195.069005847953,0,0,0,0,0,0,48.7672514619883,243.836257309942,0,48.7672514619883,0,0,0,0,0,195.069005847953,585.20701754386,0,0,0,487.672514619883,48.7672514619883,0,48.7672514619883,0,682.741520467836,,0,0,0,390.138011695906,48.7672514619883,0,48.7672514619883,0,0,0,0,0,0,0,0,0,0,0,0,0,0,0,0,0,0,0,86.0811759362484,0,0,585.20701754386,0,0,0,97.5345029239766,48.7672514619883,146.301754385965,0,0,16775.934502924,2535.89707602339
220,2987.43,2,0.09,2.1,41696,139,285188.02,451.926173665304,4110.37615095586,0,21.5202939840621,882.332053346546,0,0,0,43.0405879681242,64.5608819521863,0,43.0405879681242,21.5202939840621,0,21.5202939840621,21.5202939840621,107.601469920311,0,0,0,0,0,0,21.5202939840621,86.0811759362484,0,0,0,0,0,0,0,86.0811759362484,473.446467649366,0,172.162351872497,0,215.202939840621,21.5202939840621,0,43.0405879681242,0,430.405879681242,,0,21.5202939840621,0,215.202939840621,0,0,107.601469920311,0,0,0,0,0,0,0,0,0,0,0,0,0,0,0,0,0,0,0,26.4524888026087,0,0,408.88558569718,0,0,0,107.601469920311,86.0811759362484,43.0405879681242,0,0,7682.74495231017,1786.18440067715
226.36,3068.54,1.8,0.09,2.7,41696,118,179538.13,1560.69683935391,5184.68780531131,0,0,820.02715288087,0,0,0,0,26.4524888026087,0,0,79.3574664078261,0,52.9049776052174,0,52.9049776052174,0,0,0,0,0,0,52.9049776052174,79.3574664078261,0,0,0,0,0,0,0,26.4524888026087,185.167421618261,0,26.4524888026087,0,132.262444013044,26.4524888026087,0,26.4524888026087,26.4524888026087,317.429865631304,,0,0,0,105.809955210435,0,0,0,0,0,0,0,0,0,0,0,0,0,0,0,0,0,0,0,0,0,0,109.060472902281,109.060472902281,0,396.787332039131,0,0,0,105.809955210435,105.809955210435,26.4524888026087,0,0,8782.22628246609,872.932130486087
232.71,3136.81,1.8,0.09,1.7,41696,162,149080.44,828.859594057334,3489.93513287299,21.8120945804562,65.4362837413685,785.235404896422,0,0,0,0,152.684662063193,0,0,43.6241891609123,0,0,130.872567482737,305.369324126386,0,0,0,0,0,0,65.4362837413685,152.684662063193,0,0,0,0,0,0,0,65.4362837413685,414.429797028667,0,0,0,261.745134965474,0,0,0,0,283.55722954593,,0,0,0,87.2483783218246,0,0,0,0,0,0,0,0,0,0,0,0,0,0,0,0,0,0,0,0,0,0,25.2335996126846,0,25.2335996126846,414.429797028667,21.8120945804562,0,65.4362837413685,0,130.872567482737,21.8120945804562,0,0,7154.36702238962,1112.41682360326
246.69,3287.62,1.9,0.09,1.7,41696,109,250205.36,857.942386831276,3709.33914306463,0,0,1816.81917211329,0,0,0,25.2335996126846,176.635197288792,0,0,50.4671992253692,0,126.167998063423,0,75.7007988380537,0,0,0,0,0,0,25.2335996126846,75.7007988380537,0,0,0,0,0,0,0,25.2335996126846,277.56959573953,0,100.934398450738,0,378.503994190269,25.2335996126846,0,0,0,782.241587993222,,0,0,0,75.7007988380537,0,0,0,25.2335996126846,0,0,0,0,0,0,0,0,0,0,0,0,0,0,0,0,0,0,39.5866562731107,0,0,630.839990317114,0,0,0,100.934398450738,25.2335996126846,25.2335996126846,0,0,8629.89106753813,1690.65117404987
259.41,3425.51,2,0.09,1.9,41696,115,267422.35,1306.35965701265,7323.53141052547,0,0,1702.22621974376,0,0,0,39.5866562731107,197.933281365553,0,0,79.1733125462213,0,79.1733125462213,79.1733125462213,79.1733125462213,0,0,0,0,0,0,39.5866562731107,118.759968819332,0,0,0,0,0,0,0,158.346625092443,395.866562731107,0,118.759968819332,0,672.973156642881,79.1733125462213,0,79.1733125462213,0,950.079750554656,,0,0,0,237.519937638664,0,0,0,0,0,0,0,0,0,0,0,0,0,0,0,0,0,0,0,0,0,0,35.3385880159336,35.3385880159336,0,395.866562731107,0,0,0,39.5866562731107,39.5866562731107,0,0,0,13736.5697267694,2691.89262657153
284.83,3700.04,1.9,0.09,2.5,41696,138,121533.48,1307.52775658954,5124.09526231037,35.3385880159336,35.3385880159336,1872.94516484448,0,0,0,35.3385880159336,176.692940079668,0,0,106.015764047801,0,106.015764047801,70.6771760318671,388.724468175269,0,0,0,0,0,0,35.3385880159336,35.3385880159336,0,0,0,0,0,0,0,70.6771760318671,388.724468175269,0,35.3385880159336,0,388.724468175269,70.6771760318671,0,35.3385880159336,0,636.094584286804,,0,0,0,282.708704127468,0,0,35.3385880159336,0,0,0,0,0,0,0,0,0,0,0,0,0,0,0,0,0,0,0,42.5241009125067,21.2620504562534,0,883.464700398339,0,0,0,141.354352063734,35.3385880159336,35.3385880159336,0,0,11273.0095770828,1943.62234087635
297.54,3961.88,2.2,0.05,2.8,41696,89,116344.02,516.043558559594,3126.61685480225,0,45.533255167023,394.621544780866,0,0,0,0,136.599765501069,0,15.177751722341,45.533255167023,0,15.177751722341,45.533255167023,30.355503444682,0,0,0,0,0,0,0,91.066510334046,0,0,0,0,0,0,0,15.177751722341,0,0,30.355503444682,0,106.244262056387,15.177751722341,0,0,0,182.133020668092,,0,0,0,197.310772390433,0,0,15.177751722341,0,0,0,0,0,0,0,0,0,0,0,0,0,0,0,0,0,0,0,50.8195207637288,16.9398402545763,0,273.199531002138,0,0,0,15.177751722341,0,15.177751722341,0,0,5023.83582009487,561.576813726617
310.25,4238.56,1.9,0.05,2.8,41696,85,81697.91,1275.7230273752,3954.74138486312,21.2620504562534,0,680.385614600107,0,0,0,0,63.7861513687601,0,0,85.0482018250134,0,0,21.2620504562534,21.2620504562534,0,0,0,0,21.2620504562534,0,21.2620504562534,0,0,0,0,0,0,0,0,63.7861513687601,0,0,85.0482018250134,0,148.834353193774,0,0,0,0,318.9307568438,,0,0,0,170.096403650027,0,0,0,0,0,0,0,0,0,0,0,0,0,0,0,0,0,0,0,0,0,0,45.9549784018532,15.3183261339511,0,361.454857756307,0,0,0,63.7861513687601,85.0482018250134,42.5241009125067,0,0,6952.69049919485,786.695866881374
329.32,4642.08,1.9,0.05,2.3,41696,233,116362.78,728.41313094678,3133.87044709661,16.9398402545763,33.8796805091525,677.593610183051,0,0,0,16.9398402545763,254.097603818644,0,0,67.7593610183051,0,0,67.7593610183051,101.639041527458,0,0,0,0,0,0,0,33.8796805091525,0,16.9398402545763,0,0,0,0,0,16.9398402545763,67.7593610183051,0,16.9398402545763,0,135.51872203661,0,0,33.8796805091525,0,237.157763564068,,0,0,0,84.6992012728813,0,0,0,0,0,0,0,0,0,0,0,0,0,0,0,0,0,0,0,0,0,0,7.81345483107787,15.6269096621557,7.81345483107787,304.917124582373,0,0,0,50.8195207637288,67.7593610183051,16.9398402545763,0,16.9398402545763,5742.60584630135,592.894408910169
340.76,4858.44,1.9,0.05,2.3,41696,93,138838.03,796.552958965455,3002.39192225441,15.3183261339511,15.3183261339511,582.09639309014,0,0,0,30.6366522679021,122.546609071608,0,15.3183261339511,45.9549784018532,0,30.6366522679021,91.9099568037063,61.2733045358042,0,0,15.3183261339511,0,0,0,30.6366522679021,45.9549784018532,0,15.3183261339511,0,0,15.3183261339511,0,0,30.6366522679021,122.546609071608,0,0,0,45.9549784018532,15.3183261339511,0,0,0,199.138239741364,,0,0,0,45.9549784018532,0,0,0,0,0,0,0,0,0,0,0,0,0,0,0,0,0,0,0,0,0,0,19.5756448993671,0,0,153.183261339511,0,0,15.3183261339511,30.6366522679021,45.9549784018532,15.3183261339511,0,0,5392.05079915077,459.549784018532
348.39,5002.43,1.8,0.05,3.7,41696,35,119076.69,210.963280439102,2133.07316888426,23.4403644932336,0,140.642186959402,0,0,0,0,23.4403644932336,0,0,54.6941838175451,0,0,15.6269096621557,23.4403644932336,0,0,23.4403644932336,0,0,0,0,39.0672741553893,0,0,0,0,0,0,0,0,23.4403644932336,0,7.81345483107787,0,31.2538193243115,0,0,0,0,23.4403644932336,,0,0,0,62.507638648623,7.81345483107787,0,0,0,0,0,155.611121477888,15.6269096621557,46.8807289864672,7.81345483107787,0,0,0,0,0,0,0,0,0,0,0,0,30.6320455157664,30.6320455157664,0,78.1345483107787,0,0,0,7.81345483107787,31.2538193243115,0,0,0,3070.02977346993,382.201311579146
354.75,5123.2,1.8,0.05,3.2,41696,92,129909.06,841.752730672787,3190.83011859684,39.1512897987343,78.3025795974685,626.420636779748,39.1512897987343,0,0,0,332.785963289241,0,0,58.7269346981014,0,0,19.5756448993671,19.5756448993671,39.1512897987343,0,0,0,0,0,19.5756448993671,19.5756448993671,0,0,0,0,0,0,0,215.332093893038,58.7269346981014,0,39.1512897987343,0,78.3025795974685,0,0,0,0,39.1512897987343,,0,0,0,332.785963289241,0,0,78.3025795974685,0,0,0,0,0,137.02951429557,19.5756448993671,0,0,0,0,0,0,0,0,0,0,0,0,0,0,0,0,0,0,0,58.7269346981014,117.453869396203,19.5756448993671,0,0,6322.93330249558,998.357889867724
361.1,5243.69,1.8,0.05,2.7,41696,120,92600.59,1317.17795717796,6187.67319418482,367.584546189197,214.424318610365,765.801137894161,0,0,0,30.6320455157664,367.584546189197,0,0,0,0,30.6320455157664,61.2640910315329,61.2640910315329,122.528182063066,0,0,30.6320455157664,0,0,30.6320455157664,0,0,0,0,0,0,0,0,520.74477376803,336.952500673431,0,30.6320455157664,0,153.160227578832,0,0,0,0,122.528182063066,,0,0,0,0,0,0,91.8961365472993,0,30.6320455157664,0,0,0,367.584546189197,30.6320455157664,0,0,0,0,0,0,0,0,0,0,30.6320455157664,0,0,0,12.2433638712708,91.8961365472993,0,0,0,0,30.6320455157664,30.6320455157664,0,61.2640910315329,11303.2247953178,1715.39454888292
367.46,5363.74,1.8,0.05,3.4,41696,70,96279.15,390.756273554555,3570.703879033,26.9487085210038,26.9487085210038,633.294650243588,107.794834084015,0,0,0,80.8461255630113,13.4743542605019,0,80.8461255630113,0,13.4743542605019,40.4230627815057,0,40.4230627815057,0,26.9487085210038,0,0,0,0,26.9487085210038,0,0,0,0,0,0,0,67.3717713025094,161.692251126023,0,0,0,40.4230627815057,0,0,0,0,94.3204798235132,,0,0,0,256.012730949536,13.4743542605019,0,0,0,0,0,141.630434782609,13.4743542605019,40.4230627815057,0,0,0,0,0,0,0,0,0,0,0,0,0,33.3348730612752,16.6674365306376,0,161.692251126023,0,0,13.4743542605019,40.4230627815057,107.794834084015,13.4743542605019,0,0,5908.65405827742,828.822502068205
373.81,5484.31,1.9,0.05,3.1,41696,51,74895.34,501.977918722105,2583.34977683815,159.163730326521,36.7300916138125,134.677002583979,0,0,0,0,134.677002583979,0,0,24.4867277425417,0,0,0,24.4867277425417,12.2433638712708,0,0,0,0,0,0,0,0,0,0,0,0,0,0,134.677002583979,61.2168193563542,0,0,0,36.7300916138125,0,0,0,0,36.7300916138125,,0,0,0,24.4867277425417,0,12.2433638712708,12.2433638712708,0,0,12.2433638712708,0,0,122.433638712708,0,0,0,12.2433638712708,0,0,0,0,0,0,0,0,0,0,0,0,0,0,0,0,0,73.4601832276251,0,0,0,4077.04016913319,465.247827108292
380.17,5692.14,2,0.05,3.3,41696,39,174434.8,250.011547959564,2316.77367775863,66.6697461225505,133.339492245101,1150.053120614,133.339492245101,0,0,0,383.351040204665,50.0023095919129,0,100.004619183826,0,16.6674365306376,166.674365306376,66.6697461225505,83.3371826531881,0,0,0,0,0,16.6674365306376,50.0023095919129,0,0,0,0,0,0,0,216.676674898289,216.676674898289,0,33.3348730612752,0,150.006928775739,0,0,16.6674365306376,0,0,,33.3348730612752,0,16.6674365306376,183.341801837014,0,0,116.672055714463,16.6674365306376,16.6674365306376,0,0,0,66.6697461225505,0,0,33.3348730612752,16.6674365306376,0,0,0,0,0,0,0,0,0,34.2471716678905,68.494343335781,68.494343335781,66.6697461225505,0,0,0,33.3348730612752,100.004619183826,16.6674365306376,0,33.3348730612752,6116.94920674401,1133.38568408336
400,5891.07,1.9,0.05,2.2,41696,126,174564.98,662.117401008006,5032.09224766085,715.086793088646,26.4846960403202,688.602097048326,0,0,0,0,370.785744564483,0,0,79.4540881209607,0,0,52.9693920806405,105.938784161281,132.423480201601,0,0,0,0,0,52.9693920806405,0,0,0,0,0,0,0,0,211.877568322562,158.908176241921,0,0,26.4846960403202,52.9693920806405,0,0,0,0,211.877568322562,,0,0,0,26.4846960403202,0,0,52.9693920806405,0,0,0,0,0,185.392872282242,26.4846960403202,0,0,0,0,0,0,0,0,26.4846960403202,0,0,0,0,0,0,0,0,0,0,0,132.423480201601,79.4540881209607,0,0,8898.8578695476,979.933753491849
410.02,6131.32,1.6,0.07,2.5,41696,237,225759.45,342.471716678905,3938.42474180741,34.2471716678905,102.741515003671,2226.06615841288,205.483030007343,0,0,0,821.932120029372,34.2471716678905,0,205.483030007343,0,34.2471716678905,0,171.235858339452,410.966060014686,0,0,0,0,0,68.494343335781,34.2471716678905,0,0,0,0,0,0,0,239.730201675233,650.696261689919,0,34.2471716678905,0,239.730201675233,0,0,136.988686671562,0,68.494343335781,,68.494343335781,34.2471716678905,0,171.235858339452,34.2471716678905,0,171.235858339452,0,0,0,0,0,342.471716678905,34.2471716678905,0,68.494343335781,0,0,0,0,0,0,0,0,0,0,8.01971461887074,48.1182877132244,0,273.977373343124,0,0,0,102.741515003671,205.483030007343,34.2471716678905,0,68.494343335781,10924.8477620571,2294.56050174866
421.16,6287.28,1.6,0.07,1.5,41696,214,112977.5,50.7059073184642,2218.38344518281,266.206013421937,50.7059073184642,836.64747075466,12.6764768296161,0,0,0,202.823629273857,0,0,76.0588609776964,0,0,12.6764768296161,38.0294304888482,38.0294304888482,0,0,0,0,0,0,0,0,0,0,0,0,0,0,316.911920740402,76.0588609776964,0,12.6764768296161,0,101.411814636929,0,0,0,0,38.0294304888482,,0,0,0,76.0588609776964,0,0,63.3823841480803,0,0,0,0,0,114.088291466545,0,0,0,0,0,0,12.6764768296161,0,0,0,0,0,0,29.6054885462985,74.0137213657463,14.8027442731493,25.3529536592321,0,0,0,0,38.0294304888482,12.6764768296161,0,12.6764768296161,4614.23756598025,811.294517095428
426.73,6365.26,1.5,0.07,2.2,41696,119,166754.61,30.2108978641748,4078.4712116636,15.1054489320874,30.2108978641748,332.319876505923,0,0,0,0,90.6326935925244,0,0,75.527244660437,0,0,45.3163467962622,0,0,0,0,0,0,0,0,30.2108978641748,0,0,0,0,0,0,0,45.3163467962622,45.3163467962622,0,15.1054489320874,0,15.1054489320874,0,0,30.2108978641748,0,30.2108978641748,,0,0,0,30.2108978641748,0,0,0,0,0,0,0,0,75.527244660437,0,0,0,0,0,0,0,0,0,0,0,0,0,51.0469922234628,0,17.0156640744876,0,0,0,0,0,105.738142524612,0,0,0,5015.00904545302,287.003529709661
432.3,6443.24,1.6,0.07,2.1,41696,236,172354.14,8.01971461887074,1595.92320915528,48.1182877132244,8.01971461887074,320.78858475483,56.1380023320952,0,0,8.01971461887074,32.0788584754829,8.01971461887074,0,56.1380023320952,0,0,24.0591438566122,0,8.01971461887074,0,32.0788584754829,0,0,0,8.01971461887074,16.0394292377415,0,0,0,0,0,0,0,8.01971461887074,64.1577169509659,0,32.0788584754829,0,16.0394292377415,0,0,0,0,40.0985730943537,,0,0,0,96.2365754264488,0,8.01971461887074,0,0,0,0,0,0,8.01971461887074,0,0,8.01971461887074,0,0,0,0,8.01971461887074,0,0,0,0,0,19.1754677630384,19.1754677630384,9.58773388151919,80.1971461887074,0,0,0,16.0394292377415,24.0591438566122,8.01971461887074,0,0,2518.19039032541,288.709726279347
443.44,6600.16,1.6,0.07,2.6,41696,142,179588.98,14.8027442731493,3108.57629736134,177.632931277791,44.4082328194478,577.307026652821,88.8164656388956,0,0,0,88.8164656388956,0,0,74.0137213657463,0,0,29.6054885462985,44.4082328194478,14.8027442731493,0,74.0137213657463,0,0,0,0,59.210977092597,0,0,0,0,14.8027442731493,0,0,88.8164656388956,133.224698458343,0,59.210977092597,0,88.8164656388956,0,0,14.8027442731493,0,44.4082328194478,,0,0,0,207.23841982409,0,0,14.8027442731493,0,0,14.8027442731493,0,0,44.4082328194478,0,0,0,0,0,0,0,0,0,0,0,0,0,0,12.8702083198291,0,148.027442731493,0,0,0,29.6054885462985,14.8027442731493,14.8027442731493,0,74.0137213657463,5121.74951850964,710.531725111165
454.58,6756.12,1.5,0.07,3.2,41696,79,210332.19,17.0156640744876,3420.14847897201,0,17.0156640744876,799.736211500917,0,0,0,0,136.125312595901,0,0,153.140976670388,0,51.0469922234628,85.078320372438,0,0,0,34.0313281489752,0,0,0,0,34.0313281489752,0,34.0313281489752,0,0,0,0,0,34.0313281489752,340.313281489752,0,0,0,85.078320372438,17.0156640744876,0,0,0,221.203632968339,,0,0,0,136.125312595901,0,0,0,0,0,0,0,0,0,0,0,0,0,0,0,0,0,0,0,0,0,17.6214432543547,35.2428865087093,52.864329763064,0,119.109648521413,0,0,17.0156640744876,51.0469922234628,34.0313281489752,17.0156640744876,0,0,5615.16914458091,851.388982904247
465.72,6913.05,1.6,0.07,1.6,41696,110,184657.02,9.58773388151919,1581.97609045067,76.7018710521535,38.3509355260768,709.49230723242,28.7632016445576,0,0,0,9.58773388151919,19.1754677630384,0,162.991475985826,0,0,38.3509355260768,19.1754677630384,76.7018710521535,0,28.7632016445576,0,0,0,9.58773388151919,19.1754677630384,0,0,0,0,0,0,0,28.7632016445576,86.2896049336727,0,38.3509355260768,0,9.58773388151919,9.58773388151919,0,38.3509355260768,0,38.3509355260768,,0,0,0,67.1141371706344,0,0,9.58773388151919,0,0,0,0,0,67.1141371706344,0,0,9.58773388151919,0,0,0,0,0,0,0,0,0,0,80.994560994561,0,26.998186998187,47.938669407596,0,0,0,28.7632016445576,67.1141371706344,0,0,28.7632016445576,3231.06631807197,402.684823023806
471.29,6991.03,1.6,0.07,2.4,41696,93,113153.01,0,3539.30728795301,25.7404166396582,77.2212499189747,540.548749432823,77.2212499189747,0,0,0,64.3510415991456,12.8702083198291,0,102.961666558633,0,0,12.8702083198291,38.6106249594874,51.4808332793165,0,12.8702083198291,0,0,0,0,12.8702083198291,0,0,0,0,0,12.8702083198291,0,64.3510415991456,141.57229151812,0,90.0914582388039,0,25.7404166396582,12.8702083198291,0,25.7404166396582,0,12.8702083198291,,38.6106249594874,0,0,51.4808332793165,0,0,77.2212499189747,0,0,0,0,0,102.961666558633,0,0,25.7404166396582,0,0,0,0,0,0,0,0,0,0,42.5777859469616,21.2888929734808,0,12.8702083198291,0,0,0,51.4808332793165,38.6106249594874,25.7404166396582,0,12.8702083198291,5251.04499449028,669.250832631114
488,7288.95,1.7,0.05,2.5,41696,137,143375.2,0,4088.17483501028,88.1072162717732,211.457319052256,1374.47257383966,0,0,0,0,17.6214432543547,52.864329763064,0,88.1072162717732,0,0,88.1072162717732,123.350102780483,105.728659526128,0,35.2428865087093,0,0,0,52.864329763064,17.6214432543547,17.6214432543547,0,0,0,17.6214432543547,0,0,52.864329763064,123.350102780483,0,88.1072162717732,17.6214432543547,140.971546034837,0,0,0,0,52.864329763064,,17.6214432543547,0,0,176.214432543546,0,17.6214432543547,0,0,0,0,0,0,17.6214432543547,17.6214432543547,0,17.6214432543547,0,0,0,0,0,0,0,0,0,0,18.7632137964807,65.6712482876826,0,105.728659526128,0,0,0,35.2428865087093,70.4857730174186,17.6214432543547,0,0,7119.06307475928,740.100616682895
499.13,7534.83,1.7,0.05,1.7,41696,133,131305.19,0,5561.62652162652,80.994560994561,107.992747992748,1187.92022792023,107.992747992748,26.998186998187,0,0,269.98186998187,26.998186998187,0,296.980056980057,0,53.996373996374,53.996373996374,0,134.990934990935,0,0,0,0,0,0,0,0,0,0,0,0,0,0,107.992747992748,188.987308987309,0,80.994560994561,0,107.992747992748,26.998186998187,0,0,0,161.989121989122,,0,0,0,26.998186998187,0,0,161.989121989122,0,0,0,0,0,269.98186998187,0,0,26.998186998187,0,0,0,26.998186998187,0,0,0,0,0,0,0,0,14.211412484066,0,0,0,0,0,80.994560994561,0,0,0,9098.38901838902,1187.92022792023
510.27,7780,1.6,0.05,2.1,41696,104,89552.6,0,5279.64545742324,0,21.2888929734808,1277.33357840885,0,0,0,21.2888929734808,63.8666789204424,0,42.5777859469616,255.466715681769,0,106.444464867404,63.8666789204424,127.733357840885,0,0,0,0,21.2888929734808,0,42.5777859469616,21.2888929734808,0,21.2888929734808,0,0,0,0,0,127.733357840885,149.022250814366,0,42.5777859469616,0,42.5777859469616,21.2888929734808,0,21.2888929734808,0,212.888929734808,,0,0,0,85.1555718939232,0,0,0,0,0,0,0,0,0,0,0,0,0,0,0,0,0,0,0,0,0,13.8470172921669,27.6940345843338,41.5410518765007,0,106.444464867404,0,0,0,21.2888929734808,63.8666789204424,0,0,0,8068.49043694922,716.380485417033
515.84,7903.54,1.6,0.05,2.8,41696,86,100755.8,0,1866.93977274983,112.579282778884,28.1448206947211,515.98837940322,18.7632137964807,0,0,0,46.9080344912018,18.7632137964807,0,28.1448206947211,0,0,18.7632137964807,0,46.9080344912018,0,9.38160689824037,0,0,0,0,9.38160689824037,0,0,0,0,0,0,0,93.8160689824037,37.5264275929615,0,0,0,18.7632137964807,9.38160689824037,0,0,0,75.0528551859229,,9.38160689824037,0,0,46.9080344912018,0,0,84.4344620841633,0,0,0,0,0,65.6712482876826,0,0,0,0,0,0,0,0,0,0,0,0,0,25.1178453206748,0,0,18.7632137964807,0,0,0,18.7632137964807,0,18.7632137964807,0,0,3161.601524707,440.935524217297
521.41,8026.02,1.7,0.05,3.1,41696,69,86530.01,0,2558.05424713188,42.634237452198,56.8456499362641,1193.75864866155,14.211412484066,0,0,0,85.2684749043961,14.211412484066,0,42.634237452198,0,0,0,14.211412484066,14.211412484066,0,0,0,0,0,0,0,0,0,0,0,0,0,0,142.11412484066,28.422824968132,0,14.211412484066,0,28.422824968132,0,0,0,0,14.211412484066,,0,0,0,99.4798873884621,0,0,0,0,0,0,0,0,85.2684749043961,0,0,0,0,0,0,0,0,0,0,0,0,0,30.0439491598628,30.0439491598628,0,0,0,0,0,28.422824968132,28.422824968132,14.211412484066,0,0,4448.17210751266,412.130962037914
532.55,8272.1,1.6,0.05,2.4,41696,100,79883.77,0,3461.75432304172,27.6940345843338,69.2350864608344,996.985245036016,83.0821037530013,0,0,0,13.8470172921669,41.5410518765007,0,55.3880691686675,0,13.8470172921669,13.8470172921669,13.8470172921669,138.470172921669,0,0,0,0,0,0,0,0,0,0,0,0,0,0,41.5410518765007,27.6940345843338,0,13.8470172921669,0,69.2350864608344,13.8470172921669,0,0,0,13.8470172921669,,0,0,0,83.0821037530013,0,0,41.5410518765007,0,0,0,0,0,69.2350864608344,0,0,13.8470172921669,0,0,0,0,0,0,0,13.8470172921669,0,0,50.4031429434875,25.2015714717437,0,41.5410518765007,0,0,0,13.8470172921669,41.5410518765007,27.6940345843338,0,0,5331.10165748425,401.56350147284
543.69,8507.78,1.7,0.05,1.7,41696,160,115601.6,0,2888.5522118776,0,0,766.094282280582,0,0,0,0,0,0,12.5589226603374,37.6767679810122,0,25.1178453206748,25.1178453206748,37.6767679810122,0,0,0,0,0,0,0,0,0,37.6767679810122,0,0,0,0,0,25.1178453206748,50.2356906413496,0,25.1178453206748,0,37.6767679810122,25.1178453206748,0,0,0,87.9124586223618,,0,0,0,50.2356906413496,0,0,0,0,0,0,0,0,0,0,0,0,0,0,0,0,0,0,0,0,0,12.6320891904993,0,50.5283567619971,0,0,0,0,0,12.5589226603374,50.2356906413496,12.5589226603374,0,0,4131.88555525101,314.046233038597
554.83,8861.84,1.7,0.05,2.3,41696,148,100248.27,0,4536.63632313928,75.109872899657,45.0659237397942,1382.02166135369,60.0878983197256,0,0,0,45.0659237397942,30.0439491598628,0,45.0659237397942,0,0,45.0659237397942,15.0219745799314,90.1318474795884,0,0,0,0,0,0,0,0,0,0,0,0,0,0,90.1318474795884,45.0659237397942,0,30.0439491598628,0,75.109872899657,0,0,0,0,45.0659237397942,,0,0,0,75.109872899657,0,0,15.0219745799314,0,0,0,0,0,30.0439491598628,0,0,0,0,0,0,0,0,0,0,0,0,0,10.0937962979313,10.0937962979313,0,0,0,0,15.0219745799314,0,45.0659237397942,0,0,0,6774.91053554906,405.593313658148
580,9133.67,1.4,0.05,1.8,41696,158,82172.01,0,2910.7815049864,63.0039286793593,63.0039286793593,1171.87307343608,25.2015714717437,0,0,0,0,37.8023572076156,0,0,0,0,25.2015714717437,12.6007857358719,63.0039286793593,12.6007857358719,0,0,0,0,12.6007857358719,12.6007857358719,0,0,0,0,25.2015714717437,0,0,75.6047144152312,50.4031429434875,0,0,0,63.0039286793593,12.6007857358719,0,12.6007857358719,0,50.4031429434875,,12.6007857358719,0,0,151.209428830462,0,0,0,0,0,0,0,0,0,0,0,12.6007857358719,25.2015714717437,0,0,0,0,0,0,0,0,0,0,9.94932481952123,0,25.2015714717437,0,0,0,12.6007857358719,0,0,0,0,4901.70565125416,466.229072227259
586.18,9384.83,1.4,0.05,3.9,41696,18,100172.79,0,3056.96558410083,101.056713523994,37.8962675714978,997.935046049443,0,0,0,12.6320891904993,0,0,12.6320891904993,0,12.6320891904993,25.2641783809985,0,25.2641783809985,88.4246243334949,0,12.6320891904993,0,0,0,12.6320891904993,0,0,0,0,0,0,0,0,101.056713523994,75.7925351429957,0,37.8962675714978,0,37.8962675714978,0,0,0,0,37.8962675714978,,0,0,0,25.2641783809985,0,0,0,0,0,0,0,0,37.8962675714978,0,0,0,0,0,0,0,0,0,0,0,0,0,0,0,0,0,0,0,25.2641783809985,12.6320891904993,37.8962675714978,25.2641783809985,25.2641783809985,12.6320891904993,4749.66553562773,353.69849733398
